[{"uid":"bltce1930ab7f2cd0fb","content_type":"image/svg+xml","file_size":"49454","tags":[],"filename":"Image(1).svg","url":"https://images.contentstack.io/v3/assets/bltf59c4e8f691cee51/bltce1930ab7f2cd0fb/602ff1e5fc50632f05b79558/Image(1).svg","ACL":{},"is_dir":false,"parent_uid":"blt87f82caeb85f31dc","_version":1,"title":"Image(1).svg","publish_details":[{"environment":"blt4ba664a020591f5a","locale":"en-us","time":"2021-02-19T17:14:14.121Z","user":"bltfa8f4cbde7d72d8a","version":1},{"environment":"blt3c32b327d39f9d8b","locale":"en-us","time":"2021-02-19T17:14:14.121Z","user":"bltfa8f4cbde7d72d8a","version":1}]}]