[{"uid":"bltb16ec823d472fc16","content_type":"image/svg+xml","file_size":"48517","tags":[],"filename":"Image(2).svg","url":"https://images.contentstack.io/v3/assets/bltd5108a60cd620ec1/bltb16ec823d472fc16/6024ed4d269aa649b975872e/Image(2).svg","ACL":{},"is_dir":false,"parent_uid":"blt8d564f31a6865f94","_version":1,"title":"Image(2).svg","publish_details":[{"environment":"blt3dfe0ed2ddf5fb14","locale":"en-us","time":"2021-02-11T08:49:12.501Z","user":"blt161e02c9fffa78f6","version":1},{"environment":"blt6f4046f0d8dea679","locale":"en-us","time":"2021-02-11T09:03:31.520Z","user":"blt161e02c9fffa78f6","version":1}]}]