[{"uid":"bltb491672fbe6d7c47","content_type":"image/svg+xml","file_size":"48517","tags":[],"filename":"Image(2).svg","url":"https://images.contentstack.io/v3/assets/bltf59c4e8f691cee51/bltb491672fbe6d7c47/602ff1f02b203f2710d62fec/Image(2).svg","ACL":{},"is_dir":false,"parent_uid":"blted5e4eabfd819562","_version":1,"title":"Image(2).svg","publish_details":[{"environment":"blt4ba664a020591f5a","locale":"en-us","time":"2021-02-19T17:14:25.872Z","user":"bltfa8f4cbde7d72d8a","version":1},{"environment":"blt3c32b327d39f9d8b","locale":"en-us","time":"2021-02-19T17:14:25.872Z","user":"bltfa8f4cbde7d72d8a","version":1}]}]