[{"uid":"bltcb992cd7080902f4","content_type":"image/svg+xml","file_size":"128164","tags":[],"filename":"Image(3).svg","url":"https://images.contentstack.io/v3/assets/bltd5108a60cd620ec1/bltcb992cd7080902f4/6024ed4edb520b688d8288b1/Image(3).svg","ACL":{},"is_dir":false,"parent_uid":"blt8d564f31a6865f94","_version":1,"title":"Image(3).svg","publish_details":[{"environment":"blt3dfe0ed2ddf5fb14","locale":"en-us","time":"2021-02-11T08:49:12.507Z","user":"blt161e02c9fffa78f6","version":1},{"environment":"blt6f4046f0d8dea679","locale":"en-us","time":"2021-02-11T09:03:31.530Z","user":"blt161e02c9fffa78f6","version":1}]}]