[{"uid":"blt3b88f2e82bf4d793","content_type":"image/svg+xml","file_size":"32524","tags":[],"filename":"Image_3.svg","url":"https://images.contentstack.io/v3/assets/bltd5108a60cd620ec1/blt3b88f2e82bf4d793/6024eda33e70bb4c12c71ace/Image_3.svg","ACL":{},"is_dir":false,"parent_uid":"bltae711ace911ffd90","_version":1,"title":"Image_3.svg","publish_details":[{"environment":"blt3dfe0ed2ddf5fb14","locale":"en-us","time":"2021-02-11T08:57:07.300Z","user":"blt161e02c9fffa78f6","version":1},{"environment":"blt6f4046f0d8dea679","locale":"en-us","time":"2021-02-11T08:57:07.310Z","user":"blt161e02c9fffa78f6","version":1}]}]