{"blt40e3edf17e5b944d":{"title":"You are an existing visitor!","description":"We have seen you here before! Nice!","link":{"title":"I am an existing customer","href":"/"},"intent_tags":{"intents":{"existingCustomer":{"str":50}}},"unfrm_opt_intent_tag":{"intents":{"existingCustomer":{"str":50}}},"tags":[],"locale":"en-us","uid":"blt40e3edf17e5b944d","created_by":"bltb1c4c58b3e6123d0","updated_by":"bltb1c4c58b3e6123d0","created_at":"2021-03-02T00:56:47.907Z","updated_at":"2021-03-02T00:56:47.907Z","ACL":{},"_version":1,"_in_progress":false,"publish_details":[{"environment":"blt3c32b327d39f9d8b","locale":"en-us","time":"2021-03-02T00:56:50.159Z","user":"bltb1c4c58b3e6123d0","version":1}]},"blt7779b5e2ab7ae319":{"title":"You are a new customer!","description":"Thanks for visiting this page as a \"new customer\"","link":{"title":"New Customer Experience","href":"/"},"intent_tags":{"intents":{"newCustomer":{"str":50}}},"unfrm_opt_intent_tag":{"intents":{"newCustomer":{"str":50}}},"tags":[],"locale":"en-us","uid":"blt7779b5e2ab7ae319","created_by":"bltb1c4c58b3e6123d0","updated_by":"bltb1c4c58b3e6123d0","created_at":"2021-03-02T00:56:13.758Z","updated_at":"2021-03-02T00:56:13.758Z","ACL":{},"_version":1,"_in_progress":false,"publish_details":[{"environment":"blt3c32b327d39f9d8b","locale":"en-us","time":"2021-03-02T00:56:18.182Z","user":"bltb1c4c58b3e6123d0","version":1}]},"blt93bf025584ded001":{"title":"Hey there!","description":"Is this the first time visiting this website? Read some blogposts and see my content change!","link":{"title":"","href":""},"intent_tags":{},"unfrm_opt_intent_tag":{},"tags":[],"locale":"en-us","uid":"blt93bf025584ded001","created_by":"bltb1c4c58b3e6123d0","updated_by":"bltb1c4c58b3e6123d0","created_at":"2021-03-02T00:55:37.772Z","updated_at":"2021-03-02T00:55:37.772Z","ACL":{},"_version":1,"_in_progress":false,"publish_details":[{"environment":"blt3c32b327d39f9d8b","locale":"en-us","time":"2021-03-02T00:55:40.470Z","user":"bltb1c4c58b3e6123d0","version":1}]}}