[{"uid":"bltb7d0494cecba6b7b","content_type":"image/jpeg","file_size":"10012","tags":[],"filename":"instagram.jpeg","url":"https://images.contentstack.io/v3/assets/bltf59c4e8f691cee51/bltb7d0494cecba6b7b/602ff1d683ae2a77d5a3f447/instagram.jpeg","ACL":{},"is_dir":false,"parent_uid":"bltc5aa3ca92a6c508d","_version":1,"title":"instagram.jpeg","publish_details":[{"environment":"blt3c32b327d39f9d8b","locale":"en-us","time":"2021-02-19T17:14:00.091Z","user":"bltfa8f4cbde7d72d8a","version":1},{"environment":"blt4ba664a020591f5a","locale":"en-us","time":"2021-02-19T17:14:00.091Z","user":"bltfa8f4cbde7d72d8a","version":1}]}]