[{"uid":"blte89adee263a7dd02","content_type":"image/jpeg","file_size":"148713","tags":[],"filename":"Mark_Twain_Headshot.jpg","url":"https://images.contentstack.io/v3/assets/bltf59c4e8f691cee51/blte89adee263a7dd02/602ff1ddcd747c77dc57e2e5/Mark_Twain_Headshot.jpg","ACL":{},"is_dir":false,"parent_uid":"blt36e5cabe55781e99","_version":1,"title":"Mark_Twain_Headshot.jpg","publish_details":[{"environment":"blt4ba664a020591f5a","locale":"en-us","time":"2021-02-19T17:14:06.538Z","user":"bltfa8f4cbde7d72d8a","version":1},{"environment":"blt3c32b327d39f9d8b","locale":"en-us","time":"2021-02-19T17:14:06.537Z","user":"bltfa8f4cbde7d72d8a","version":1}]}]