{"blt6f4046f0d8dea679":{"deploy_content":false,"servers":[],"urls":[{"url":"","locale":"en-us"}],"name":"production","_version":2,"created_by":"blt3167f0a16386ed8e","updated_by":"blt3167f0a16386ed8e","created_at":"2021-02-09T07:28:06.633Z","updated_at":"2021-02-09T07:28:06.633Z","ACL":[]},"blt3dfe0ed2ddf5fb14":{"deploy_content":false,"servers":[],"urls":[{"url":"","locale":"en-us"}],"name":"development","_version":1,"created_by":"blt3167f0a16386ed8e","updated_by":"blt3167f0a16386ed8e","created_at":"2021-02-09T07:28:06.658Z","updated_at":"2021-02-09T07:28:06.658Z","ACL":[]}}