[{"uid":"blt07450158d0e317e7","content_type":"image/png","file_size":"2010","tags":[],"filename":"linkedin.png","url":"https://images.contentstack.io/v3/assets/bltf59c4e8f691cee51/blt07450158d0e317e7/602ff1d58dc14369a566807c/linkedin.png","ACL":{},"is_dir":false,"parent_uid":"bltc5aa3ca92a6c508d","_version":1,"title":"linkedin.png","publish_details":[{"environment":"blt4ba664a020591f5a","locale":"en-us","time":"2021-02-19T17:13:58.671Z","user":"bltfa8f4cbde7d72d8a","version":1},{"environment":"blt3c32b327d39f9d8b","locale":"en-us","time":"2021-02-19T17:13:58.671Z","user":"bltfa8f4cbde7d72d8a","version":1}]}]