[{"uid":"blte525b59d340d4637","content_type":"image/jpeg","file_size":"148713","tags":[],"filename":"Mark_Twain_Headshot.jpg","url":"https://images.contentstack.io/v3/assets/bltd5108a60cd620ec1/blte525b59d340d4637/602239a0c9ba5826e0902e35/Mark_Twain_Headshot.jpg","ACL":{},"is_dir":false,"parent_uid":"bltb694a1c53fb70657","_version":1,"title":"Mark_Twain_Headshot.jpg","publish_details":[{"environment":"blt3dfe0ed2ddf5fb14","locale":"en-us","time":"2021-02-09T07:28:33.920Z","user":"blt3167f0a16386ed8e","version":1},{"environment":"blt6f4046f0d8dea679","locale":"en-us","time":"2021-02-09T07:28:33.920Z","user":"blt3167f0a16386ed8e","version":1}]}]