[{"uid":"bltbe19702d2eabedc6","content_type":"image/png","file_size":"27482","tags":[],"filename":"twitter.png","url":"https://images.contentstack.io/v3/assets/bltf59c4e8f691cee51/bltbe19702d2eabedc6/602ff1d6cb4c164c515d97dc/twitter.png","ACL":{},"is_dir":false,"parent_uid":"bltc5aa3ca92a6c508d","_version":1,"title":"twitter.png","publish_details":[{"environment":"blt3c32b327d39f9d8b","locale":"en-us","time":"2021-02-19T17:14:00.106Z","user":"bltfa8f4cbde7d72d8a","version":1},{"environment":"blt4ba664a020591f5a","locale":"en-us","time":"2021-02-19T17:14:00.106Z","user":"bltfa8f4cbde7d72d8a","version":1}]}]