{"blt96da7d7d0677cdb9":{"title":"Company","logo":{"uid":"blt560e8a41fa9d382e","created_at":"2021-02-09T13:12:20.153Z","updated_at":"2021-02-11T08:35:45.204Z","created_by":"blt161e02c9fffa78f6","updated_by":"blt161e02c9fffa78f6","content_type":"image/svg+xml","file_size":"11085","tags":[],"filename":"Logo.svg","url":"https://images.contentstack.io/v3/assets/bltd5108a60cd620ec1/blt560e8a41fa9d382e/60228a345f9b2812764c2f2d/Logo.svg","ACL":[],"is_dir":false,"parent_uid":"bltb3bdb661fd4b1cc7","_version":1,"title":"Logo.svg","publish_details":[{"environment":"blt3dfe0ed2ddf5fb14","locale":"en-us","time":"2021-02-09T13:13:23.110Z","user":"blt161e02c9fffa78f6","version":1},{"environment":"blt3dfe0ed2ddf5fb14","locale":"fr-fr","time":"2021-02-11T06:40:27.082Z","user":"blt3167f0a16386ed8e","version":1},{"environment":"blt6f4046f0d8dea679","locale":"fr-fr","time":"2021-02-11T06:40:27.088Z","user":"blt3167f0a16386ed8e","version":1},{"environment":"blt6f4046f0d8dea679","locale":"en-us","time":"2021-02-11T06:40:27.098Z","user":"blt3167f0a16386ed8e","version":1}]},"tags":[],"locale":"en-us","ACL":{},"_in_progress":false,"navigation_menu":[{"label":"Home","_metadata":{"uid":"cs69550988926e85d9"},"page_reference":[{"uid":"bltebf5f71cedf5f211","_content_type_uid":"page"}]},{"label":"About Us","_metadata":{"uid":"cscf5318e5388812b4"},"page_reference":[{"uid":"blt37afcfd0b4c3a621","_content_type_uid":"page"}]},{"label":"Blog","_metadata":{"uid":"cs32274bbf10a21bec"},"page_reference":[{"uid":"blt3ba6bbb6441e5615","_content_type_uid":"page"}]},{"label":"Contact Us","_metadata":{"uid":"cs46f9812a50d8309c"},"page_reference":[{"uid":"bltce4b9282306621cc","_content_type_uid":"page"}]}],"header_color":"#b1dee2","uid":"blt96da7d7d0677cdb9","created_by":"blt3167f0a16386ed8e","updated_by":"blt3167f0a16386ed8e","created_at":"2021-02-09T07:30:07.659Z","updated_at":"2021-02-11T06:40:15.128Z","_version":4,"notification_bar":{"announcement_text":"<p>To Our Community: Please read this important update.</p>","show_announcement":true},"publish_details":[{"environment":"blt3dfe0ed2ddf5fb14","locale":"en-us","time":"2021-02-24T12:55:31.704Z","user":"bltf01cfddcefa2394d","version":4},{"environment":"blt6f4046f0d8dea679","locale":"en-us","time":"2021-02-24T12:55:31.704Z","user":"bltf01cfddcefa2394d","version":4},{"environment":"blt3dfe0ed2ddf5fb14","locale":"fr-fr","time":"2021-02-11T06:40:27.111Z","user":"blt3167f0a16386ed8e","version":4},{"environment":"blt6f4046f0d8dea679","locale":"fr-fr","time":"2021-02-11T06:40:27.111Z","user":"blt3167f0a16386ed8e","version":4}]}}