[{"uid":"blt3f8547bd59cd3033","content_type":"image/svg+xml","file_size":"32495","tags":[],"filename":"Image_(2).svg","url":"https://images.contentstack.io/v3/assets/bltd5108a60cd620ec1/blt3f8547bd59cd3033/6024eda3f4a7946af0338407/Image_(2).svg","ACL":{},"is_dir":false,"parent_uid":"bltae711ace911ffd90","_version":1,"title":"Image_(2).svg","publish_details":[{"environment":"blt3dfe0ed2ddf5fb14","locale":"en-us","time":"2021-02-11T08:53:46.471Z","user":"blt161e02c9fffa78f6","version":1},{"environment":"blt6f4046f0d8dea679","locale":"en-us","time":"2021-02-11T08:53:46.495Z","user":"blt161e02c9fffa78f6","version":1}]}]