{"blt525c4506d91e22bb":{"title":"Personalized Component For Homepage","customer_type":[{"uid":"blt40e3edf17e5b944d","_content_type_uid":"customer_type"},{"uid":"blt7779b5e2ab7ae319","_content_type_uid":"customer_type"},{"uid":"blt93bf025584ded001","_content_type_uid":"customer_type"}],"tags":[],"locale":"en-us","uid":"blt525c4506d91e22bb","created_by":"bltb1c4c58b3e6123d0","updated_by":"bltb1c4c58b3e6123d0","created_at":"2021-03-02T00:55:11.539Z","updated_at":"2021-03-02T00:57:12.596Z","ACL":{},"_version":3,"_in_progress":false,"publish_details":[{"environment":"blt3c32b327d39f9d8b","locale":"en-us","time":"2021-03-02T00:57:16.421Z","user":"bltb1c4c58b3e6123d0","version":3}]}}