[{"uid":"blt560e8a41fa9d382e","content_type":"image/svg+xml","file_size":"11085","tags":[],"filename":"Logo.svg","url":"https://images.contentstack.io/v3/assets/bltd5108a60cd620ec1/blt560e8a41fa9d382e/60228a345f9b2812764c2f2d/Logo.svg","ACL":{},"is_dir":false,"parent_uid":"bltb3bdb661fd4b1cc7","_version":1,"title":"Logo.svg","publish_details":[{"environment":"blt3dfe0ed2ddf5fb14","locale":"en-us","time":"2021-02-09T13:13:23.110Z","user":"blt161e02c9fffa78f6","version":1},{"environment":"blt3dfe0ed2ddf5fb14","locale":"fr-fr","time":"2021-02-11T06:40:27.082Z","user":"blt3167f0a16386ed8e","version":1},{"environment":"blt6f4046f0d8dea679","locale":"fr-fr","time":"2021-02-11T06:40:27.088Z","user":"blt3167f0a16386ed8e","version":1},{"environment":"blt6f4046f0d8dea679","locale":"en-us","time":"2021-02-11T06:40:27.098Z","user":"blt3167f0a16386ed8e","version":1}]}]