[{"uid":"blt56a7bde214912b79","content_type":"image/png","file_size":"1491","tags":[],"filename":"facebook.png","url":"https://images.contentstack.io/v3/assets/bltd5108a60cd620ec1/blt56a7bde214912b79/602239bfb39baf3b8c66c4c8/facebook.png","ACL":{},"is_dir":false,"parent_uid":"bltec4c6535e1052248","_version":1,"title":"facebook.png","publish_details":[{"environment":"blt3dfe0ed2ddf5fb14","locale":"en-us","time":"2021-02-09T07:29:04.861Z","user":"blt3167f0a16386ed8e","version":1},{"environment":"blt6f4046f0d8dea679","locale":"en-us","time":"2021-02-09T07:29:04.861Z","user":"blt3167f0a16386ed8e","version":1}]}]