{"blta943d67c286c233c":{"title":"Company","logo":{"uid":"blt2bfe3b2c61551344","created_at":"2021-02-19T17:14:11.108Z","updated_at":"2021-02-19T17:14:11.108Z","created_by":"bltfa8f4cbde7d72d8a","updated_by":"bltfa8f4cbde7d72d8a","content_type":"image/svg+xml","file_size":"11085","tags":[],"filename":"Logo.svg","url":"https://images.contentstack.io/v3/assets/bltf59c4e8f691cee51/blt2bfe3b2c61551344/602ff1e3784767623b17ba67/Logo.svg","ACL":[],"is_dir":false,"parent_uid":"blt4d118d11813efbbd","_version":1,"title":"Logo.svg","publish_details":[{"environment":"blt4ba664a020591f5a","locale":"en-us","time":"2021-02-19T17:14:12.169Z","user":"bltfa8f4cbde7d72d8a","version":1},{"environment":"blt3c32b327d39f9d8b","locale":"en-us","time":"2021-02-19T17:14:12.169Z","user":"bltfa8f4cbde7d72d8a","version":1}]},"tags":[],"locale":"en-us","ACL":{},"navigation_menu":[{"label":"Home","_metadata":{"uid":"cs69550988926e85d9"},"page_reference":[{"uid":"blte656cc8b3b1cac81","_content_type_uid":"page"}]},{"label":"About Us","_metadata":{"uid":"cscf5318e5388812b4"},"page_reference":[{"uid":"blteb9dde59344776e2","_content_type_uid":"page"}]},{"label":"Blog","_metadata":{"uid":"cs32274bbf10a21bec"},"page_reference":[{"uid":"blt9c1f3b82bdd6a385","_content_type_uid":"page"}]},{"label":"Contact Us","_metadata":{"uid":"cs46f9812a50d8309c"},"page_reference":[{"uid":"blt69f349c2ee8b2050","_content_type_uid":"page"}]}],"header_color":"#b1dee2","notification_bar":{"announcement_text":"<p>To Our Community: Please read this important update.</p>","show_announcement":true},"uid":"blta943d67c286c233c","created_by":"bltfa8f4cbde7d72d8a","updated_by":"bltfa8f4cbde7d72d8a","created_at":"2021-02-19T17:14:52.451Z","updated_at":"2021-02-19T17:15:10.270Z","_version":2,"_in_progress":false,"publish_details":[{"environment":"blt3c32b327d39f9d8b","locale":"fr-fr","time":"2021-02-19T17:15:11.336Z","user":"bltfa8f4cbde7d72d8a","version":2},{"environment":"blt4ba664a020591f5a","locale":"fr-fr","time":"2021-02-19T17:15:11.336Z","user":"bltfa8f4cbde7d72d8a","version":2},{"environment":"blt3c32b327d39f9d8b","locale":"en-us","time":"2021-02-19T17:15:11.344Z","user":"bltfa8f4cbde7d72d8a","version":2},{"environment":"blt4ba664a020591f5a","locale":"en-us","time":"2021-02-19T17:15:11.344Z","user":"bltfa8f4cbde7d72d8a","version":2}]}}