[{"uid":"bltffb7e742b8528a12","content_type":"image/jpeg","file_size":"31539","tags":[],"filename":"Charles_Dickens_Headshot.jpg","url":"https://images.contentstack.io/v3/assets/bltf59c4e8f691cee51/bltffb7e742b8528a12/602ff1d513f89b64a797b924/Charles_Dickens_Headshot.jpg","ACL":{},"is_dir":false,"parent_uid":"blt36e5cabe55781e99","_version":1,"title":"Charles_Dickens_Headshot.jpg","publish_details":[{"environment":"blt4ba664a020591f5a","locale":"en-us","time":"2021-02-19T17:13:58.660Z","user":"bltfa8f4cbde7d72d8a","version":1},{"environment":"blt3c32b327d39f9d8b","locale":"en-us","time":"2021-02-19T17:13:58.659Z","user":"bltfa8f4cbde7d72d8a","version":1}]}]