[{"uid":"blt4df07afdb0369bc1","content_type":"image/png","file_size":"99632","tags":[],"filename":"Charlotte_Bronte_Headshot.png","url":"https://images.contentstack.io/v3/assets/bltd5108a60cd620ec1/blt4df07afdb0369bc1/602239d41fd73f7c38ff8a72/Charlotte_Bronte_Headshot.png","ACL":{},"is_dir":false,"parent_uid":"bltb694a1c53fb70657","_version":1,"title":"Charlotte_Bronte_Headshot.png","publish_details":[{"environment":"blt3dfe0ed2ddf5fb14","locale":"en-us","time":"2021-02-09T07:29:26.552Z","user":"blt3167f0a16386ed8e","version":1},{"environment":"blt6f4046f0d8dea679","locale":"en-us","time":"2021-02-09T07:29:26.552Z","user":"blt3167f0a16386ed8e","version":1}]}]