[{"uid":"blt587daac45d873af8","content_type":"image/png","file_size":"3938","tags":[],"filename":"cslogo.png","url":"https://images.contentstack.io/v3/assets/bltf59c4e8f691cee51/blt587daac45d873af8/602ff1e48605076210d5c489/cslogo.png","ACL":{},"is_dir":false,"parent_uid":"blt4d118d11813efbbd","_version":1,"title":"cslogo.png","publish_details":[{"environment":"blt4ba664a020591f5a","locale":"en-us","time":"2021-02-19T17:14:13.850Z","user":"bltfa8f4cbde7d72d8a","version":1},{"environment":"blt3c32b327d39f9d8b","locale":"en-us","time":"2021-02-19T17:14:13.850Z","user":"bltfa8f4cbde7d72d8a","version":1}]}]