{"blt3c32b327d39f9d8b":{"deploy_content":false,"servers":[],"urls":[{"url":"","locale":"en-us"}],"name":"development","_version":1,"ACL":[],"created_by":"bltfa8f4cbde7d72d8a","updated_by":"bltfa8f4cbde7d72d8a","created_at":"2021-02-19T17:13:40.610Z","updated_at":"2021-02-19T17:13:40.610Z"},"blt4ba664a020591f5a":{"deploy_content":false,"servers":[],"urls":[{"url":"https://gatsby-starter-app-contentstack.vercel.app","locale":"en-us"}],"name":"production","_version":3,"ACL":[],"created_by":"bltfa8f4cbde7d72d8a","updated_by":"bltf01cfddcefa2394d","created_at":"2021-02-19T17:13:40.608Z","updated_at":"2021-02-19T17:18:22.261Z"}}