[{"uid":"blt4bbafe276a051f03","content_type":"image/png","file_size":"140512","tags":[],"filename":"Screen_Shot_2020-10-22_at_3.13.28_PM.png","url":"https://images.contentstack.io/v3/assets/bltf59c4e8f691cee51/blt4bbafe276a051f03/602ff1ddc3dfa03c7d21481b/Screen_Shot_2020-10-22_at_3.13.28_PM.png","ACL":{},"is_dir":false,"parent_uid":"blt4d118d11813efbbd","_version":1,"title":"hero_banner01.JPG","description":"","publish_details":[{"environment":"blt4ba664a020591f5a","locale":"en-us","time":"2021-02-19T17:14:06.535Z","user":"bltfa8f4cbde7d72d8a","version":1},{"environment":"blt3c32b327d39f9d8b","locale":"en-us","time":"2021-02-19T17:14:06.535Z","user":"bltfa8f4cbde7d72d8a","version":1}]}]