{"blt1d0aac31697b377c":{"title":"Footer","copyright":"<p>Copyright © 2020. LogoIpsum. All rights reserved.</p>","tags":[],"locale":"en-us","ACL":{},"uid":"blt1d0aac31697b377c","created_by":"blt3167f0a16386ed8e","updated_by":"bltd5d70bb484fce3ae","created_at":"2021-02-09T07:30:09.019Z","updated_at":"2021-03-01T11:30:08.798Z","_version":10,"_in_progress":false,"logo":{"uid":"blt560e8a41fa9d382e","created_at":"2021-02-09T13:12:20.153Z","updated_at":"2021-02-11T08:35:45.204Z","created_by":"blt161e02c9fffa78f6","updated_by":"blt161e02c9fffa78f6","content_type":"image/svg+xml","file_size":"11085","tags":[],"filename":"Logo.svg","url":"https://images.contentstack.io/v3/assets/bltd5108a60cd620ec1/blt560e8a41fa9d382e/60228a345f9b2812764c2f2d/Logo.svg","ACL":[],"is_dir":false,"parent_uid":"bltb3bdb661fd4b1cc7","_version":1,"title":"Logo.svg","publish_details":[{"environment":"blt3dfe0ed2ddf5fb14","locale":"en-us","time":"2021-02-09T13:13:23.110Z","user":"blt161e02c9fffa78f6","version":1},{"environment":"blt3dfe0ed2ddf5fb14","locale":"fr-fr","time":"2021-02-11T06:40:27.082Z","user":"blt3167f0a16386ed8e","version":1},{"environment":"blt6f4046f0d8dea679","locale":"fr-fr","time":"2021-02-11T06:40:27.088Z","user":"blt3167f0a16386ed8e","version":1},{"environment":"blt6f4046f0d8dea679","locale":"en-us","time":"2021-02-11T06:40:27.098Z","user":"blt3167f0a16386ed8e","version":1}]},"navigation":{"link":[{"title":"Home","href":"/"},{"title":"About Us","href":"/about-us"},{"title":"Blog","href":"/blog"},{"title":"Contact Us","href":"/contact-us"}],"navigation_title":""},"social":{"social_share":[{"link":{"title":"Facebook","href":"https://facebook.com"},"_metadata":{"uid":"cs914cb0e8a45a1210"},"icon":{"uid":"bltc95bd18b4647e868","created_at":"2021-02-12T15:45:58.185Z","updated_at":"2021-02-12T15:45:58.185Z","created_by":"bltf01cfddcefa2394d","updated_by":"bltf01cfddcefa2394d","content_type":"image/svg+xml","file_size":"1288","tags":[],"filename":"facebook.svg","url":"https://images.contentstack.io/v3/assets/bltd5108a60cd620ec1/bltc95bd18b4647e868/6026a2b6c510c822726ca8c1/facebook.svg","ACL":[],"is_dir":false,"parent_uid":"bltec4c6535e1052248","_version":1,"title":"facebook.svg","publish_details":[{"environment":"blt3dfe0ed2ddf5fb14","locale":"en-us","time":"2021-02-12T15:51:35.616Z","user":"bltf01cfddcefa2394d","version":1},{"environment":"blt6f4046f0d8dea679","locale":"en-us","time":"2021-02-12T15:51:35.628Z","user":"bltf01cfddcefa2394d","version":1}]}},{"link":{"title":"Twitter","href":"https://twitter.com"},"_metadata":{"uid":"cse41afe66c3319bcf"},"icon":{"uid":"blt7bb647fd4e495e99","created_at":"2021-02-12T15:46:47.244Z","updated_at":"2021-02-12T15:46:47.244Z","created_by":"bltf01cfddcefa2394d","updated_by":"bltf01cfddcefa2394d","content_type":"image/svg+xml","file_size":"1436","tags":[],"filename":"Twitter.svg","url":"https://images.contentstack.io/v3/assets/bltd5108a60cd620ec1/blt7bb647fd4e495e99/6026a2e7befc761ffff9c14e/Twitter.svg","ACL":[],"is_dir":false,"parent_uid":"bltec4c6535e1052248","_version":1,"title":"Twitter.svg","publish_details":[{"environment":"blt3dfe0ed2ddf5fb14","locale":"en-us","time":"2021-02-12T15:51:35.636Z","user":"bltf01cfddcefa2394d","version":1},{"environment":"blt6f4046f0d8dea679","locale":"en-us","time":"2021-02-12T15:51:35.645Z","user":"bltf01cfddcefa2394d","version":1}]}},{"link":{"title":"Instagram","href":"https://www.instagram.com/"},"_metadata":{"uid":"cs2ed80ed5a2be7f4b"},"icon":{"uid":"blteb7f9b3b97757f80","created_at":"2021-02-12T15:47:34.888Z","updated_at":"2021-02-12T15:49:09.100Z","created_by":"bltf01cfddcefa2394d","updated_by":"bltf01cfddcefa2394d","content_type":"image/svg+xml","file_size":"806","tags":[],"filename":"Instagram.svg","url":"https://images.contentstack.io/v3/assets/bltd5108a60cd620ec1/blteb7f9b3b97757f80/6026a37565b2902278abaa3f/Instagram.svg","ACL":[],"is_dir":false,"parent_uid":"bltec4c6535e1052248","_version":2,"title":"Instagram.svg","description":"","publish_details":[{"environment":"blt3dfe0ed2ddf5fb14","locale":"en-us","time":"2021-02-12T15:51:35.660Z","user":"bltf01cfddcefa2394d","version":2},{"environment":"blt6f4046f0d8dea679","locale":"en-us","time":"2021-02-12T15:51:35.669Z","user":"bltf01cfddcefa2394d","version":2}]}}],"social_share_title":""},"publish_details":[{"environment":"blt3dfe0ed2ddf5fb14","locale":"en-us","time":"2021-03-02T05:44:55.859Z","user":"bltd5d70bb484fce3ae","version":10},{"environment":"blt6f4046f0d8dea679","locale":"en-us","time":"2021-03-02T05:44:55.859Z","user":"bltd5d70bb484fce3ae","version":10}]}}