[{"uid":"blt1ba63d0d0e800264","content_type":"image/jpeg","file_size":"12668","tags":[],"filename":"Jane_Austen_Headshot.jpg","url":"https://images.contentstack.io/v3/assets/bltf59c4e8f691cee51/blt1ba63d0d0e800264/602ff1d85497162e7d53e71e/Jane_Austen_Headshot.jpg","ACL":{},"is_dir":false,"parent_uid":"blt36e5cabe55781e99","_version":1,"title":"Jane_Austen_Headshot.jpg","publish_details":[{"environment":"blt3c32b327d39f9d8b","locale":"en-us","time":"2021-02-19T17:14:01.432Z","user":"bltfa8f4cbde7d72d8a","version":1},{"environment":"blt4ba664a020591f5a","locale":"en-us","time":"2021-02-19T17:14:01.432Z","user":"bltfa8f4cbde7d72d8a","version":1}]}]