[{"uid":"blt913ec2f90c90be49","content_type":"image/jpeg","file_size":"2850","tags":[],"filename":"ben.jpeg","url":"https://images.contentstack.io/v3/assets/bltf59c4e8f691cee51/blt913ec2f90c90be49/602ff1db68735e6e07e4a2cc/ben.jpeg","ACL":{},"is_dir":false,"parent_uid":"blt36e5cabe55781e99","_version":1,"title":"ben.jpeg","publish_details":[{"environment":"blt4ba664a020591f5a","locale":"en-us","time":"2021-02-19T17:14:04.094Z","user":"bltfa8f4cbde7d72d8a","version":1},{"environment":"blt3c32b327d39f9d8b","locale":"en-us","time":"2021-02-19T17:14:04.094Z","user":"bltfa8f4cbde7d72d8a","version":1}]}]