[{"uid":"blt489f1f2dae6e4e1b","content_type":"image/svg+xml","file_size":"47003","tags":[],"filename":"Images_(1).svg","url":"https://images.contentstack.io/v3/assets/bltd5108a60cd620ec1/blt489f1f2dae6e4e1b/6024f1e261513a1aa74764cb/Images_(1).svg","ACL":{},"is_dir":false,"parent_uid":"bltae711ace911ffd90","_version":1,"title":"Images_(1).svg","publish_details":[{"environment":"blt3dfe0ed2ddf5fb14","locale":"en-us","time":"2021-02-11T09:00:07.254Z","user":"blt161e02c9fffa78f6","version":1},{"environment":"blt6f4046f0d8dea679","locale":"en-us","time":"2021-02-11T09:00:07.264Z","user":"blt161e02c9fffa78f6","version":1}]}]