[{"uid":"bltc95bd18b4647e868","content_type":"image/svg+xml","file_size":"1288","tags":[],"filename":"facebook.svg","url":"https://images.contentstack.io/v3/assets/bltd5108a60cd620ec1/bltc95bd18b4647e868/6026a2b6c510c822726ca8c1/facebook.svg","ACL":{},"is_dir":false,"parent_uid":"bltec4c6535e1052248","_version":1,"title":"facebook.svg","publish_details":[{"environment":"blt3dfe0ed2ddf5fb14","locale":"en-us","time":"2021-02-12T15:51:35.616Z","user":"bltf01cfddcefa2394d","version":1},{"environment":"blt6f4046f0d8dea679","locale":"en-us","time":"2021-02-12T15:51:35.628Z","user":"bltf01cfddcefa2394d","version":1}]}]