[{"uid":"blt7822722c7fd7f967","content_type":"image/svg+xml","file_size":"54029","tags":[],"filename":"Image.svg","url":"https://images.contentstack.io/v3/assets/bltd5108a60cd620ec1/blt7822722c7fd7f967/6024ecea61513a1aa74764b5/Image.svg","ACL":{},"is_dir":false,"parent_uid":"blt5c54c0ec56cedfde","_version":1,"title":"Image.svg","publish_details":[{"environment":"blt3dfe0ed2ddf5fb14","locale":"en-us","time":"2021-02-11T08:45:45.458Z","user":"blt161e02c9fffa78f6","version":1},{"environment":"blt6f4046f0d8dea679","locale":"en-us","time":"2021-02-11T09:03:07.952Z","user":"blt161e02c9fffa78f6","version":1}]}]