[{"uid":"blt2bfe3b2c61551344","content_type":"image/svg+xml","file_size":"11085","tags":[],"filename":"Logo.svg","url":"https://images.contentstack.io/v3/assets/bltf59c4e8f691cee51/blt2bfe3b2c61551344/602ff1e3784767623b17ba67/Logo.svg","ACL":{},"is_dir":false,"parent_uid":"blt4d118d11813efbbd","_version":1,"title":"Logo.svg","publish_details":[{"environment":"blt4ba664a020591f5a","locale":"en-us","time":"2021-02-19T17:14:12.169Z","user":"bltfa8f4cbde7d72d8a","version":1},{"environment":"blt3c32b327d39f9d8b","locale":"en-us","time":"2021-02-19T17:14:12.169Z","user":"bltfa8f4cbde7d72d8a","version":1}]}]