[{"uid":"blt7dd5ba1301f3e635","content_type":"image/jpeg","file_size":"21913","tags":[],"filename":"Virginia_Woolf_Headshot.jpg","url":"https://images.contentstack.io/v3/assets/bltd5108a60cd620ec1/blt7dd5ba1301f3e635/6022399cd3bff034aa3dede1/Virginia_Woolf_Headshot.jpg","ACL":{},"is_dir":false,"parent_uid":"bltb694a1c53fb70657","_version":1,"title":"Virginia_Woolf_Headshot.jpg","publish_details":[{"environment":"blt3dfe0ed2ddf5fb14","locale":"en-us","time":"2021-02-09T07:28:29.634Z","user":"blt3167f0a16386ed8e","version":1},{"environment":"blt6f4046f0d8dea679","locale":"en-us","time":"2021-02-09T07:28:29.634Z","user":"blt3167f0a16386ed8e","version":1}]}]