[{"uid":"blt90718a96f04a9cf3","content_type":"image/svg+xml","file_size":"125471","tags":[],"filename":"rafiki.svg","url":"https://images.contentstack.io/v3/assets/bltf59c4e8f691cee51/blt90718a96f04a9cf3/602ff1e1e91c05437c82711c/rafiki.svg","ACL":{},"is_dir":false,"parent_uid":"blted5e4eabfd819562","_version":1,"title":"rafiki.svg","publish_details":[{"environment":"blt3c32b327d39f9d8b","locale":"en-us","time":"2021-02-19T17:14:10.869Z","user":"bltfa8f4cbde7d72d8a","version":1},{"environment":"blt4ba664a020591f5a","locale":"en-us","time":"2021-02-19T17:14:10.869Z","user":"bltfa8f4cbde7d72d8a","version":1}]}]