[{"uid":"blt4c97f6429934e4ba","content_type":"image/svg+xml","file_size":"1288","tags":[],"filename":"facebook.svg","url":"https://images.contentstack.io/v3/assets/bltf59c4e8f691cee51/blt4c97f6429934e4ba/602ff1d2391acd7320b0bf3b/facebook.svg","ACL":{},"is_dir":false,"parent_uid":"bltc5aa3ca92a6c508d","_version":1,"title":"facebook.svg","publish_details":[{"environment":"blt3c32b327d39f9d8b","locale":"en-us","time":"2021-02-19T17:13:55.357Z","user":"bltfa8f4cbde7d72d8a","version":1},{"environment":"blt4ba664a020591f5a","locale":"en-us","time":"2021-02-19T17:13:55.357Z","user":"bltfa8f4cbde7d72d8a","version":1}]}]