[{"uid":"blta6ca761e757f11ed","content_type":"image/svg+xml","file_size":"806","tags":[],"filename":"Instagram.svg","url":"https://images.contentstack.io/v3/assets/bltf59c4e8f691cee51/blta6ca761e757f11ed/602ff1f2ab23933ebf784142/Instagram.svg","ACL":{},"is_dir":false,"parent_uid":"bltc5aa3ca92a6c508d","_version":1,"title":"Instagram.svg","description":"","publish_details":[{"environment":"blt3c32b327d39f9d8b","locale":"en-us","time":"2021-02-19T17:14:27.652Z","user":"bltfa8f4cbde7d72d8a","version":1},{"environment":"blt4ba664a020591f5a","locale":"en-us","time":"2021-02-19T17:14:27.652Z","user":"bltfa8f4cbde7d72d8a","version":1}]}]