[{"uid":"blt2bbf1110f45fb91c","content_type":"image/jpeg","file_size":"21371","tags":[],"filename":"Virginia_Woolf_Headshot.jpg","url":"https://images.contentstack.io/v3/assets/bltf59c4e8f691cee51/blt2bbf1110f45fb91c/602ff1dee9f4e37a7417c230/Virginia_Woolf_Headshot.jpg","ACL":{},"is_dir":false,"parent_uid":"blt36e5cabe55781e99","_version":1,"title":"Virginia_Woolf_Headshot.jpg","publish_details":[{"environment":"blt4ba664a020591f5a","locale":"en-us","time":"2021-02-19T17:14:08.892Z","user":"bltfa8f4cbde7d72d8a","version":1},{"environment":"blt3c32b327d39f9d8b","locale":"en-us","time":"2021-02-19T17:14:08.892Z","user":"bltfa8f4cbde7d72d8a","version":1}]}]