{"blte656cc8b3b1cac81":{"title":"Home","url":"/","page_components":[{"hero_banner":{"banner_image":{"uid":"blt7f8e59329a17bd7c","created_at":"2021-02-19T17:14:09.468Z","updated_at":"2021-02-19T17:14:09.468Z","created_by":"bltfa8f4cbde7d72d8a","updated_by":"bltfa8f4cbde7d72d8a","content_type":"image/svg+xml","file_size":"54029","tags":[],"filename":"Image.svg","url":"https://images.contentstack.io/v3/assets/bltf59c4e8f691cee51/blt7f8e59329a17bd7c/602ff1e186239e533e046d4a/Image.svg","ACL":[],"is_dir":false,"parent_uid":"blt87f82caeb85f31dc","_version":1,"title":"Image.svg","publish_details":[{"environment":"blt3c32b327d39f9d8b","locale":"en-us","time":"2021-02-19T17:14:10.542Z","user":"bltfa8f4cbde7d72d8a","version":1},{"environment":"blt4ba664a020591f5a","locale":"en-us","time":"2021-02-19T17:14:10.542Z","user":"bltfa8f4cbde7d72d8a","version":1}]},"_metadata":{"uid":"cs4fd66e820e6e7d2f"},"bg_color":"#715cdd","banner_title":"Create A Winning Digital Strategy For Your Business","banner_description":"We help you create an agile digital strategy that helps you stand out and win customers. Nothing less.","call_to_action":{"title":"Read more","href":"/"}}},{"section":{"title_h2":"We are here to help you with what’s next","_metadata":{"uid":"cs7ff8d492877d43ca"},"description":"At SampleSite, we are obsessed with technology and well-versed with trends. As a consultancy with more than a quarter-century of experience, we bring clarity and vision to our clients and help them set up solutions for tomorrow.","call_to_action":{"title":"Connect with an Advisor","href":"/"},"image":{"uid":"bltce1930ab7f2cd0fb","created_at":"2021-02-19T17:14:13.046Z","updated_at":"2021-02-19T17:14:13.046Z","created_by":"bltfa8f4cbde7d72d8a","updated_by":"bltfa8f4cbde7d72d8a","content_type":"image/svg+xml","file_size":"49454","tags":[],"filename":"Image(1).svg","url":"https://images.contentstack.io/v3/assets/bltf59c4e8f691cee51/bltce1930ab7f2cd0fb/602ff1e5fc50632f05b79558/Image(1).svg","ACL":[],"is_dir":false,"parent_uid":"blt87f82caeb85f31dc","_version":1,"title":"Image(1).svg","publish_details":[{"environment":"blt4ba664a020591f5a","locale":"en-us","time":"2021-02-19T17:14:14.121Z","user":"bltfa8f4cbde7d72d8a","version":1},{"environment":"blt3c32b327d39f9d8b","locale":"en-us","time":"2021-02-19T17:14:14.121Z","user":"bltfa8f4cbde7d72d8a","version":1}]},"image_alignment":"Left"}},{"section_with_buckets":{"title_h2":"Choose the #1 Tech Consultancy","_metadata":{"uid":"csafd941cda9e93ec0"},"description":"We lead you throughout your digital transformation","buckets":[{"title_h3":"Artificial Intelligence","_metadata":{"uid":"cs8c342bbd996eb531"},"description":"<p></p>\n<p>Make every interaction with your customers more intelligent than ever.</p>\n<p></p>","icon":{"uid":"bltfa95ed1e63b73705","created_at":"2021-02-19T17:14:17.248Z","updated_at":"2021-02-19T17:14:17.248Z","created_by":"bltfa8f4cbde7d72d8a","updated_by":"bltfa8f4cbde7d72d8a","content_type":"image/svg+xml","file_size":"706","tags":[],"filename":"bucket1.svg","url":"https://images.contentstack.io/v3/assets/bltf59c4e8f691cee51/bltfa95ed1e63b73705/602ff1e9c3dfa03c7d21481f/bucket1.svg","ACL":[],"is_dir":false,"parent_uid":"bltc5aa3ca92a6c508d","_version":1,"title":"bucket1.svg","publish_details":[{"environment":"blt4ba664a020591f5a","locale":"en-us","time":"2021-02-19T17:14:18.611Z","user":"bltfa8f4cbde7d72d8a","version":1},{"environment":"blt3c32b327d39f9d8b","locale":"en-us","time":"2021-02-19T17:14:18.610Z","user":"bltfa8f4cbde7d72d8a","version":1}]},"call_to_action":{"title":"Start Now","href":"#"}},{"title_h3":"Cloud Computing","_metadata":{"uid":"cs7e9d4b3a24891796"},"description":"<p></p>\n<p>Set up a modular infrastructure that is built to last but makes it easy for your business to evolve.</p>\n<p></p>","icon":{"uid":"blt39ea8fbc7e569c08","created_at":"2021-02-19T17:14:15.816Z","updated_at":"2021-02-19T17:14:15.816Z","created_by":"bltfa8f4cbde7d72d8a","updated_by":"bltfa8f4cbde7d72d8a","content_type":"image/svg+xml","file_size":"1314","tags":[],"filename":"bucket2.svg","url":"https://images.contentstack.io/v3/assets/bltf59c4e8f691cee51/blt39ea8fbc7e569c08/602ff1e78dc14369a5668080/bucket2.svg","ACL":[],"is_dir":false,"parent_uid":"bltc5aa3ca92a6c508d","_version":1,"title":"bucket2.svg","publish_details":[{"environment":"blt3c32b327d39f9d8b","locale":"en-us","time":"2021-02-19T17:14:16.891Z","user":"bltfa8f4cbde7d72d8a","version":1},{"environment":"blt4ba664a020591f5a","locale":"en-us","time":"2021-02-19T17:14:16.891Z","user":"bltfa8f4cbde7d72d8a","version":1}]},"call_to_action":{"title":"Rollover your 401k","href":"#"}},{"title_h3":"Security","_metadata":{"uid":"csce6795aa791f32fa"},"description":"<p></p>\n<p>Protect your business from the deadliest threats of today and tomorrow.</p>\n<p></p>","icon":{"uid":"blt296454c6be275650","created_at":"2021-02-19T17:14:17.244Z","updated_at":"2021-02-19T17:14:17.244Z","created_by":"bltfa8f4cbde7d72d8a","updated_by":"bltfa8f4cbde7d72d8a","content_type":"image/svg+xml","file_size":"1053","tags":[],"filename":"bucket3.svg","url":"https://images.contentstack.io/v3/assets/bltf59c4e8f691cee51/blt296454c6be275650/602ff1e97372865d7e010810/bucket3.svg","ACL":[],"is_dir":false,"parent_uid":"bltc5aa3ca92a6c508d","_version":1,"title":"bucket3.svg","publish_details":[{"environment":"blt4ba664a020591f5a","locale":"en-us","time":"2021-02-19T17:14:18.620Z","user":"bltfa8f4cbde7d72d8a","version":1},{"environment":"blt3c32b327d39f9d8b","locale":"en-us","time":"2021-02-19T17:14:18.620Z","user":"bltfa8f4cbde7d72d8a","version":1}]},"call_to_action":{"title":"Learn More","href":"#"}}]}},{"from_blog":{"title_h2":"Learn about our community outreach","_metadata":{"uid":"cs59eb40ffadbed53a"},"featured_blogs":[{"uid":"blt30c84bd33713aec7","_content_type_uid":"blog_post"},{"uid":"blt246d7fc0c520171f","_content_type_uid":"blog_post"}],"view_articles":{"title":"View Articles","href":"/blog"}}},{"section_with_cards":{"cards":[{"title_h3":"Schedule a Demo with us","_metadata":{"uid":"csa2e875186ea2d395"},"description":"Get a customized platform walk through for your stack.","call_to_action":{"title":"Schedule a Demo","href":"/contact-us"}},{"title_h3":"Start a Free Trial","_metadata":{"uid":"csef530e1f1c49d1b7"},"description":"Lorem ipsum dolor sit amet, consectetur adipiscing elit. Vel lorem morbi nulla quis sed diam sed.","call_to_action":{"title":"Start Free Trial","href":"/contact-us"}}],"_metadata":{"uid":"csce2585879f1f30da"}}}],"related_pages":[],"seo":{"meta_title":"Tekt","meta_description":"Welcome to Tekt","keywords":"architecture design tekt","enable_search_indexing":true},"tags":[],"locale":"en-us","ACL":{},"uid":"blte656cc8b3b1cac81","created_by":"bltfa8f4cbde7d72d8a","updated_by":"blt491b9a913a0441c1","created_at":"2021-02-19T17:14:50.413Z","updated_at":"2021-03-03T01:51:36.609Z","_version":7,"_in_progress":false,"publish_details":[{"environment":"blt3c32b327d39f9d8b","locale":"en-us","time":"2021-03-03T02:20:02.709Z","user":"blt491b9a913a0441c1","version":7},{"environment":"blt4ba664a020591f5a","locale":"en-us","time":"2021-03-03T02:20:02.709Z","user":"blt491b9a913a0441c1","version":7},{"environment":"blt4ba664a020591f5a","locale":"fr-fr","time":"2021-02-19T17:15:09.333Z","user":"bltfa8f4cbde7d72d8a","version":2},{"environment":"blt3c32b327d39f9d8b","locale":"fr-fr","time":"2021-02-19T17:15:09.333Z","user":"bltfa8f4cbde7d72d8a","version":2}]},"blteb9dde59344776e2":{"title":"About Us","url":"/about-us","page_components":[{"hero_banner":{"banner_image":{"uid":"blt90718a96f04a9cf3","created_at":"2021-02-19T17:14:09.796Z","updated_at":"2021-02-19T17:14:09.796Z","created_by":"bltfa8f4cbde7d72d8a","updated_by":"bltfa8f4cbde7d72d8a","content_type":"image/svg+xml","file_size":"125471","tags":[],"filename":"rafiki.svg","url":"https://images.contentstack.io/v3/assets/bltf59c4e8f691cee51/blt90718a96f04a9cf3/602ff1e1e91c05437c82711c/rafiki.svg","ACL":[],"is_dir":false,"parent_uid":"blted5e4eabfd819562","_version":1,"title":"rafiki.svg","publish_details":[{"environment":"blt3c32b327d39f9d8b","locale":"en-us","time":"2021-02-19T17:14:10.869Z","user":"bltfa8f4cbde7d72d8a","version":1},{"environment":"blt4ba664a020591f5a","locale":"en-us","time":"2021-02-19T17:14:10.869Z","user":"bltfa8f4cbde7d72d8a","version":1}]},"_metadata":{"uid":"cs08e066b7f4a3fad3"},"bg_color":"#ffffff","banner_title":"About Us","banner_description":"At SampleSite, we are obsessed with technology. Our goal is to be the most sought after tech consultancy. We dedicate ourselves to offer smart and spirited coverage of products and innovative solutions that shape our connected lives.\nFounded in 2000 by Cierra Vega, Alden Cantrell, and Pierre Cox, as of 2020, we now serve customers all over the US, and are thrilled to be a part of the IT industry.","call_to_action":{"title":"","href":""}}},{"section_with_buckets":{"title_h2":"Our Features","_metadata":{"uid":"cs3696797df021a12a"},"description":"Since our inception, we have been working to earn and keep our customers’ trust. It is our mission to exceed our customers’ expectations and deliver value to customers.","buckets":[{"title_h3":"Provide Security","_metadata":{"uid":"cs2bee235ae1368691"},"description":"<p></p>\n<p>Deploy access controls, SSO with SAML 2.0, two-factor authentication, secure APIs, Webhook authentication and a 256-bit encrypted content store.</p>\n<p></p>","icon":{"uid":"bltcf8de454b4178d09","created_at":"2021-02-19T17:14:14.374Z","updated_at":"2021-02-19T17:14:14.374Z","created_by":"bltfa8f4cbde7d72d8a","updated_by":"bltfa8f4cbde7d72d8a","content_type":"image/svg+xml","file_size":"1849","tags":[],"filename":"Icon_Artwork_2.svg","url":"https://images.contentstack.io/v3/assets/bltf59c4e8f691cee51/bltcf8de454b4178d09/602ff1e6697df44e99437e9b/Icon_Artwork_2.svg","ACL":[],"is_dir":false,"parent_uid":"blted5e4eabfd819562","_version":1,"title":"Icon_Artwork_2.svg","publish_details":[{"environment":"blt3c32b327d39f9d8b","locale":"en-us","time":"2021-02-19T17:14:15.447Z","user":"bltfa8f4cbde7d72d8a","version":1},{"environment":"blt4ba664a020591f5a","locale":"en-us","time":"2021-02-19T17:14:15.447Z","user":"bltfa8f4cbde7d72d8a","version":1}]},"call_to_action":{"title":"","href":""}},{"title_h3":"High Availability","_metadata":{"uid":"csa3b07076b67aa949"},"description":"<p>Improve your site and app reliability with a resilient cloud CMS, premium SLAs, world-class DevOps services and 24x7 support.</p>","icon":{"uid":"blt6481dbdc5eadfa10","created_at":"2021-02-19T17:14:15.817Z","updated_at":"2021-02-19T17:14:15.817Z","created_by":"bltfa8f4cbde7d72d8a","updated_by":"bltfa8f4cbde7d72d8a","content_type":"image/svg+xml","file_size":"579","tags":[],"filename":"Icon_Artwork_1.svg","url":"https://images.contentstack.io/v3/assets/bltf59c4e8f691cee51/blt6481dbdc5eadfa10/602ff1e73c15227a6def3c26/Icon_Artwork_1.svg","ACL":[],"is_dir":false,"parent_uid":"blted5e4eabfd819562","_version":1,"title":"Icon_Artwork_1.svg","publish_details":[{"environment":"blt4ba664a020591f5a","locale":"en-us","time":"2021-02-19T17:14:16.877Z","user":"bltfa8f4cbde7d72d8a","version":1},{"environment":"blt3c32b327d39f9d8b","locale":"en-us","time":"2021-02-19T17:14:16.877Z","user":"bltfa8f4cbde7d72d8a","version":1}]},"call_to_action":{"title":"","href":""}},{"title_h3":"Performance","_metadata":{"uid":"csd7fc383c1b1c94b7"},"description":"<p></p>\n<p>Provide instant access to your content anywhere in the world and guarantee performance via the most advanced CDN available today.</p>\n<p></p>","icon":{"uid":"bltcf8de454b4178d09","created_at":"2021-02-19T17:14:14.374Z","updated_at":"2021-02-19T17:14:14.374Z","created_by":"bltfa8f4cbde7d72d8a","updated_by":"bltfa8f4cbde7d72d8a","content_type":"image/svg+xml","file_size":"1849","tags":[],"filename":"Icon_Artwork_2.svg","url":"https://images.contentstack.io/v3/assets/bltf59c4e8f691cee51/bltcf8de454b4178d09/602ff1e6697df44e99437e9b/Icon_Artwork_2.svg","ACL":[],"is_dir":false,"parent_uid":"blted5e4eabfd819562","_version":1,"title":"Icon_Artwork_2.svg","publish_details":[{"environment":"blt3c32b327d39f9d8b","locale":"en-us","time":"2021-02-19T17:14:15.447Z","user":"bltfa8f4cbde7d72d8a","version":1},{"environment":"blt4ba664a020591f5a","locale":"en-us","time":"2021-02-19T17:14:15.447Z","user":"bltfa8f4cbde7d72d8a","version":1}]},"call_to_action":{"title":"","href":""}},{"title_h3":"High Scalability","_metadata":{"uid":"csa25a724813480aae"},"description":"<p>Scale with a decoupled architecture, eliminate database bottlenecks and automatically adjust your cloud infrastructure to match demand.</p>","icon":{"uid":"blt6481dbdc5eadfa10","created_at":"2021-02-19T17:14:15.817Z","updated_at":"2021-02-19T17:14:15.817Z","created_by":"bltfa8f4cbde7d72d8a","updated_by":"bltfa8f4cbde7d72d8a","content_type":"image/svg+xml","file_size":"579","tags":[],"filename":"Icon_Artwork_1.svg","url":"https://images.contentstack.io/v3/assets/bltf59c4e8f691cee51/blt6481dbdc5eadfa10/602ff1e73c15227a6def3c26/Icon_Artwork_1.svg","ACL":[],"is_dir":false,"parent_uid":"blted5e4eabfd819562","_version":1,"title":"Icon_Artwork_1.svg","publish_details":[{"environment":"blt4ba664a020591f5a","locale":"en-us","time":"2021-02-19T17:14:16.877Z","user":"bltfa8f4cbde7d72d8a","version":1},{"environment":"blt3c32b327d39f9d8b","locale":"en-us","time":"2021-02-19T17:14:16.877Z","user":"bltfa8f4cbde7d72d8a","version":1}]},"call_to_action":{"title":"","href":""}}]}},{"section":{"title_h2":"Our Story","_metadata":{"uid":"csa5fb94de25b313a1"},"description":"People ask us all the time how {SampleSite} came to be. It’s simple, really. In the mid-2000s, despite the abundance of large tech conglomerates and specialist service providers, three friends decided to provide custom solutions to small time firms. \nOur approach to problem solving has always been the same regardless of how big the problem is. We love taking up challenges and more importantly, we are passionate at what we do.\n\nWhat began as a past time hobby, quickly evolved into a full time business catering to clients in the tri-state area. Months and Years passed by and we were providing solutions to clients all over the country with a few international clientele under our belt. \nToday we are one of the industry leaders in tech solutions with numerous awards to our name. And, we won't stop here. Our plan is to have a global outreach with an office in each major continent.","call_to_action":{"title":"Read more about our journey so far","href":"/"},"image":{"uid":"blt4492f227852ecd0c","created_at":"2021-02-19T17:14:11.435Z","updated_at":"2021-02-19T17:14:11.435Z","created_by":"bltfa8f4cbde7d72d8a","updated_by":"bltfa8f4cbde7d72d8a","content_type":"image/svg+xml","file_size":"76596","tags":[],"filename":"rafiki_2.svg","url":"https://images.contentstack.io/v3/assets/bltf59c4e8f691cee51/blt4492f227852ecd0c/602ff1e3de78c45d60a55691/rafiki_2.svg","ACL":[],"is_dir":false,"parent_uid":"blted5e4eabfd819562","_version":1,"title":"rafiki_2.svg","publish_details":[{"environment":"blt4ba664a020591f5a","locale":"en-us","time":"2021-02-19T17:14:12.495Z","user":"bltfa8f4cbde7d72d8a","version":1},{"environment":"blt3c32b327d39f9d8b","locale":"en-us","time":"2021-02-19T17:14:12.495Z","user":"bltfa8f4cbde7d72d8a","version":1}]},"image_alignment":"Right"}},{"our_team":{"title_h2":"Our Team","_metadata":{"uid":"cs562dfd7325d49e88"},"description":"","employees":[{"name":"Cierra Vega","_metadata":{"uid":"csd138a43ce60f6c24"},"designation":"Founder and CEO","image":{"uid":"blt9405af87acbc1477","created_at":"2021-02-19T17:14:23.126Z","updated_at":"2021-02-19T17:14:23.126Z","created_by":"bltfa8f4cbde7d72d8a","updated_by":"bltfa8f4cbde7d72d8a","content_type":"image/svg+xml","file_size":"154333","tags":[],"filename":"Image_(1).svg","url":"https://images.contentstack.io/v3/assets/bltf59c4e8f691cee51/blt9405af87acbc1477/602ff1efef0a065fac90e9df/Image_(1).svg","ACL":[],"is_dir":false,"parent_uid":"blted5e4eabfd819562","_version":1,"title":"Image_(1).svg","publish_details":[{"environment":"blt4ba664a020591f5a","locale":"en-us","time":"2021-02-19T17:14:24.246Z","user":"bltfa8f4cbde7d72d8a","version":1},{"environment":"blt3c32b327d39f9d8b","locale":"en-us","time":"2021-02-19T17:14:24.246Z","user":"bltfa8f4cbde7d72d8a","version":1}]}},{"name":"Alden Cantrell","_metadata":{"uid":"cs50f59985e74cbbf5"},"designation":"Founder, CEO, and CTO","image":{"uid":"blt7e85fb78100f950e","created_at":"2021-02-19T17:14:26.877Z","updated_at":"2021-02-19T17:14:26.877Z","created_by":"bltfa8f4cbde7d72d8a","updated_by":"bltfa8f4cbde7d72d8a","content_type":"image/svg+xml","file_size":"55212","tags":[],"filename":"Image(1)_(1).svg","url":"https://images.contentstack.io/v3/assets/bltf59c4e8f691cee51/blt7e85fb78100f950e/602ff1f2af99c277d094c79f/Image(1)_(1).svg","ACL":[],"is_dir":false,"parent_uid":"blted5e4eabfd819562","_version":1,"title":"Image(1)_(1).svg","publish_details":[{"environment":"blt3c32b327d39f9d8b","locale":"en-us","time":"2021-02-19T17:14:27.921Z","user":"bltfa8f4cbde7d72d8a","version":1},{"environment":"blt4ba664a020591f5a","locale":"en-us","time":"2021-02-19T17:14:27.921Z","user":"bltfa8f4cbde7d72d8a","version":1}]}},{"name":"Pierre Cox","_metadata":{"uid":"cs6b38182bc44e2d51"},"designation":"Founder, CMO, and COO","image":{"uid":"bltb491672fbe6d7c47","created_at":"2021-02-19T17:14:24.822Z","updated_at":"2021-02-19T17:14:24.822Z","created_by":"bltfa8f4cbde7d72d8a","updated_by":"bltfa8f4cbde7d72d8a","content_type":"image/svg+xml","file_size":"48517","tags":[],"filename":"Image(2).svg","url":"https://images.contentstack.io/v3/assets/bltf59c4e8f691cee51/bltb491672fbe6d7c47/602ff1f02b203f2710d62fec/Image(2).svg","ACL":[],"is_dir":false,"parent_uid":"blted5e4eabfd819562","_version":1,"title":"Image(2).svg","publish_details":[{"environment":"blt4ba664a020591f5a","locale":"en-us","time":"2021-02-19T17:14:25.872Z","user":"bltfa8f4cbde7d72d8a","version":1},{"environment":"blt3c32b327d39f9d8b","locale":"en-us","time":"2021-02-19T17:14:25.872Z","user":"bltfa8f4cbde7d72d8a","version":1}]}},{"name":"Thomas Crane","_metadata":{"uid":"cse2c05c84e63186b9"},"designation":"CFO","image":{"uid":"blt266218ee69dd9105","created_at":"2021-02-19T17:14:25.155Z","updated_at":"2021-02-19T17:14:25.155Z","created_by":"bltfa8f4cbde7d72d8a","updated_by":"bltfa8f4cbde7d72d8a","content_type":"image/svg+xml","file_size":"128164","tags":[],"filename":"Image(3).svg","url":"https://images.contentstack.io/v3/assets/bltf59c4e8f691cee51/blt266218ee69dd9105/602ff1f141f08f7cfc92628e/Image(3).svg","ACL":[],"is_dir":false,"parent_uid":"blted5e4eabfd819562","_version":1,"title":"Image(3).svg","publish_details":[{"environment":"blt4ba664a020591f5a","locale":"en-us","time":"2021-02-19T17:14:26.300Z","user":"bltfa8f4cbde7d72d8a","version":1},{"environment":"blt3c32b327d39f9d8b","locale":"en-us","time":"2021-02-19T17:14:26.300Z","user":"bltfa8f4cbde7d72d8a","version":1}]}}]}}],"related_pages":[],"seo":{"meta_title":"About Tekt","meta_description":"Tekt Architecture","keywords":"About tekt","enable_search_indexing":true},"tags":[],"locale":"en-us","ACL":{},"uid":"blteb9dde59344776e2","created_by":"bltfa8f4cbde7d72d8a","updated_by":"bltf01cfddcefa2394d","created_at":"2021-02-19T17:14:48.477Z","updated_at":"2021-02-22T16:30:37.040Z","_version":3,"_in_progress":false,"publish_details":[{"environment":"blt4ba664a020591f5a","locale":"en-us","time":"2021-02-22T16:30:42.487Z","user":"bltf01cfddcefa2394d","version":3},{"environment":"blt3c32b327d39f9d8b","locale":"en-us","time":"2021-02-22T16:30:42.487Z","user":"bltf01cfddcefa2394d","version":3},{"environment":"blt3c32b327d39f9d8b","locale":"fr-fr","time":"2021-02-19T17:15:07.275Z","user":"bltfa8f4cbde7d72d8a","version":2},{"environment":"blt4ba664a020591f5a","locale":"fr-fr","time":"2021-02-19T17:15:07.275Z","user":"bltfa8f4cbde7d72d8a","version":2}]},"blt9c1f3b82bdd6a385":{"title":"Blog","url":"/blog","page_components":[{"hero_banner":{"banner_image":null,"_metadata":{"uid":"cs6d3dcb7ac548aec4"},"bg_color":"#000000","banner_title":"Blog","banner_description":"Read some great articles on the latest businesses and tech topics from our leading practitioners. From cloud computing to Artificial Intelligence, this is the place where new ideas come alive.","call_to_action":{"title":"","href":""}}},{"widget":{"title_h2":"Archived Blogs","_metadata":{"uid":"cs4ecbf4f51755bc2f"},"type":"Blog Archive"}},{"widget":{"title_h2":"Related Post","_metadata":{"uid":"csc2b3a25ba3ae741e"},"type":"Related Posts"}}],"related_pages":[],"seo":{"meta_title":"Blogs","meta_description":"Blogs","keywords":"Blogs","enable_search_indexing":true},"tags":[],"locale":"en-us","ACL":{},"uid":"blt9c1f3b82bdd6a385","created_by":"bltfa8f4cbde7d72d8a","updated_by":"bltf01cfddcefa2394d","created_at":"2021-02-19T17:14:49.488Z","updated_at":"2021-02-22T16:29:30.393Z","_version":3,"_in_progress":false,"publish_details":[{"environment":"blt3c32b327d39f9d8b","locale":"en-us","time":"2021-04-21T07:08:47.151Z","user":"bltd5d70bb484fce3ae","version":3},{"environment":"blt4ba664a020591f5a","locale":"en-us","time":"2021-04-21T07:08:47.151Z","user":"bltd5d70bb484fce3ae","version":3},{"environment":"blt3c32b327d39f9d8b","locale":"fr-fr","time":"2021-02-19T17:15:10.323Z","user":"bltfa8f4cbde7d72d8a","version":2},{"environment":"blt4ba664a020591f5a","locale":"fr-fr","time":"2021-02-19T17:15:10.323Z","user":"bltfa8f4cbde7d72d8a","version":2}]},"blt69f349c2ee8b2050":{"title":"Contact Us","url":"/contact-us","page_components":[{"section_with_embed_object":{"title":"We are here to help you with what’s next","_metadata":{"uid":"cs18a161e93275afe2"},"description":"We would love to hear from you! Whether you are an existing user or a potential user, we are always ready to help. Reach out to us and we will respond as soon as we can. We look forward to hearing from you!","embed_object":"<form>\n          <div class=\"input-fields\">\n            <input placeholder=\"Name*\" />\n          </div>\n          <div class=\"input-fields\">\n            <input placeholder=\"Email*\" />\n          </div>\n          <div class=\"text-field\">\n            <input type=\"text-area\" placeholder=\"Message*\" />\n          </div>\n          <button class=\"btn primary-btn\">Send Message</button>\n        </form>","embed_object_alignment":"Left"}},{"section_with_embed_object":{"title":"Find us on Google Maps","_metadata":{"uid":"cs716eca6cd101d07d"},"description":"This map and markers will help you reach out to our offices based in Mumbai and San Francisco. You can reach out to us here:\n\nSan Francisco (Headquarters)\n49 Geary St,\nSuite 238\nSan Francisco, CA 94108\nPhone: +1.415.255.5955\nEmail: contact@cs.com\n\nIndia Office \n8th Floor, New Viva College,\nVirar West,\nDist. Palghar, \nPin - 401303\nMumbai Metropolitan Region\nMaharashtra, India\nPhone: 250645539\nEmail: contact.in@cs.com","embed_object":"<iframe\n          src=\"https://www.google.com/maps/embed?pb=!1m14!1m8!1m3!1d15046.263405816555!2d72.8299709!3d19.4742764!3m2!1i1024!2i768!4f13.1!3m3!1m2!1s0x0%3A0x91246ef8dd1585a2!2sContentstack%20India%20Pvt%20Ltd!5e0!3m2!1sen!2sin!4v1612872769371!5m2!1sen!2sin\"\n          width=\"553\" height=\"315\" frameborder=\"0\" style=\"border: 0\" allowfullscreen=\"\" aria-hidden=\"false\"\n          tabindex=\"0\"></iframe>","embed_object_alignment":"Right"}}],"related_pages":[],"seo":{"meta_title":"Contact us","meta_description":"Contact Tekt Architects","keywords":"contact design architect akt","enable_search_indexing":true},"tags":[],"locale":"en-us","ACL":{},"uid":"blt69f349c2ee8b2050","created_by":"bltfa8f4cbde7d72d8a","updated_by":"bltfa8f4cbde7d72d8a","created_at":"2021-02-19T17:14:51.446Z","updated_at":"2021-02-19T17:15:07.210Z","_version":2,"_in_progress":false,"publish_details":[{"environment":"blt4ba664a020591f5a","locale":"fr-fr","time":"2021-02-19T17:15:08.303Z","user":"bltfa8f4cbde7d72d8a","version":2},{"environment":"blt3c32b327d39f9d8b","locale":"fr-fr","time":"2021-02-19T17:15:08.303Z","user":"bltfa8f4cbde7d72d8a","version":2},{"environment":"blt4ba664a020591f5a","locale":"en-us","time":"2021-02-19T17:15:08.311Z","user":"bltfa8f4cbde7d72d8a","version":2},{"environment":"blt3c32b327d39f9d8b","locale":"en-us","time":"2021-02-19T17:15:08.311Z","user":"bltfa8f4cbde7d72d8a","version":2}]}}