[{"uid":"blt377b2541028bdb81","content_type":"image/svg+xml","file_size":"53205","tags":[],"filename":"Image(1)_(2).svg","url":"https://images.contentstack.io/v3/assets/bltd5108a60cd620ec1/blt377b2541028bdb81/6024eda361513a1aa74764bb/Image(1)_(2).svg","ACL":{},"is_dir":false,"parent_uid":"bltae711ace911ffd90","_version":1,"title":"Image(1)_(2).svg","publish_details":[{"environment":"blt3dfe0ed2ddf5fb14","locale":"en-us","time":"2021-02-11T08:55:18.767Z","user":"blt161e02c9fffa78f6","version":1},{"environment":"blt6f4046f0d8dea679","locale":"en-us","time":"2021-02-11T08:55:18.777Z","user":"blt161e02c9fffa78f6","version":1}]}]