[{"uid":"bltb042db93d03bc758","content_type":"image/svg+xml","file_size":"1436","tags":[],"filename":"Twitter.svg","url":"https://images.contentstack.io/v3/assets/bltf59c4e8f691cee51/bltb042db93d03bc758/602ff1d2c143b1270a4a68df/Twitter.svg","ACL":{},"is_dir":false,"parent_uid":"bltc5aa3ca92a6c508d","_version":1,"title":"Twitter.svg","publish_details":[{"environment":"blt3c32b327d39f9d8b","locale":"en-us","time":"2021-02-19T17:13:55.375Z","user":"bltfa8f4cbde7d72d8a","version":1},{"environment":"blt4ba664a020591f5a","locale":"en-us","time":"2021-02-19T17:13:55.375Z","user":"bltfa8f4cbde7d72d8a","version":1}]}]