[{"uid":"blt92b58c31fd229439","content_type":"image/svg+xml","file_size":"154333","tags":[],"filename":"Image_(1).svg","url":"https://images.contentstack.io/v3/assets/bltd5108a60cd620ec1/blt92b58c31fd229439/6024ed4ff13a6d4c0c2584f0/Image_(1).svg","ACL":{},"is_dir":false,"parent_uid":"blt8d564f31a6865f94","_version":1,"title":"Image_(1).svg","publish_details":[{"environment":"blt3dfe0ed2ddf5fb14","locale":"en-us","time":"2021-02-11T08:49:12.488Z","user":"blt161e02c9fffa78f6","version":1},{"environment":"blt6f4046f0d8dea679","locale":"en-us","time":"2021-02-11T09:03:31.502Z","user":"blt161e02c9fffa78f6","version":1}]}]