[{"uid":"blt9405af87acbc1477","content_type":"image/svg+xml","file_size":"154333","tags":[],"filename":"Image_(1).svg","url":"https://images.contentstack.io/v3/assets/bltf59c4e8f691cee51/blt9405af87acbc1477/602ff1efef0a065fac90e9df/Image_(1).svg","ACL":{},"is_dir":false,"parent_uid":"blted5e4eabfd819562","_version":1,"title":"Image_(1).svg","publish_details":[{"environment":"blt4ba664a020591f5a","locale":"en-us","time":"2021-02-19T17:14:24.246Z","user":"bltfa8f4cbde7d72d8a","version":1},{"environment":"blt3c32b327d39f9d8b","locale":"en-us","time":"2021-02-19T17:14:24.246Z","user":"bltfa8f4cbde7d72d8a","version":1}]}]