[{"uid":"blt266218ee69dd9105","content_type":"image/svg+xml","file_size":"128164","tags":[],"filename":"Image(3).svg","url":"https://images.contentstack.io/v3/assets/bltf59c4e8f691cee51/blt266218ee69dd9105/602ff1f141f08f7cfc92628e/Image(3).svg","ACL":{},"is_dir":false,"parent_uid":"blted5e4eabfd819562","_version":1,"title":"Image(3).svg","publish_details":[{"environment":"blt4ba664a020591f5a","locale":"en-us","time":"2021-02-19T17:14:26.300Z","user":"bltfa8f4cbde7d72d8a","version":1},{"environment":"blt3c32b327d39f9d8b","locale":"en-us","time":"2021-02-19T17:14:26.300Z","user":"bltfa8f4cbde7d72d8a","version":1}]}]