[{"uid":"blt422c95262af14ed4","content_type":"image/jpeg","file_size":"41226","tags":[],"filename":"Maya_Angelou_Headshot.jpg","url":"https://images.contentstack.io/v3/assets/bltf59c4e8f691cee51/blt422c95262af14ed4/602ff1dec3ff817cf57aeae3/Maya_Angelou_Headshot.jpg","ACL":{},"is_dir":false,"parent_uid":"blt36e5cabe55781e99","_version":1,"title":"Maya_Angelou_Headshot.jpg","publish_details":[{"environment":"blt4ba664a020591f5a","locale":"en-us","time":"2021-02-19T17:14:08.894Z","user":"bltfa8f4cbde7d72d8a","version":1},{"environment":"blt3c32b327d39f9d8b","locale":"en-us","time":"2021-02-19T17:14:08.894Z","user":"bltfa8f4cbde7d72d8a","version":1}]}]