[{"uid":"blt0a4cc95e4ff989c6","content_type":"image/svg+xml","file_size":"76596","tags":[],"filename":"rafiki_2.svg","url":"https://images.contentstack.io/v3/assets/bltd5108a60cd620ec1/blt0a4cc95e4ff989c6/6024ed4c1c9f7c1839619da1/rafiki_2.svg","ACL":{},"is_dir":false,"parent_uid":"blt8d564f31a6865f94","_version":1,"title":"rafiki_2.svg","publish_details":[{"environment":"blt3dfe0ed2ddf5fb14","locale":"en-us","time":"2021-02-11T08:49:12.482Z","user":"blt161e02c9fffa78f6","version":1},{"environment":"blt6f4046f0d8dea679","locale":"en-us","time":"2021-02-11T09:03:31.494Z","user":"blt161e02c9fffa78f6","version":1}]}]