[{"uid":"blt4424c2b9f7bcb25c","content_type":"image/svg+xml","file_size":"32524","tags":[],"filename":"Image_3.svg","url":"https://images.contentstack.io/v3/assets/bltf59c4e8f691cee51/blt4424c2b9f7bcb25c/602ff1eca89e364e939e5583/Image_3.svg","ACL":{},"is_dir":false,"parent_uid":"blte7b941d2116a4503","_version":1,"title":"Image_3.svg","publish_details":[{"environment":"blt3c32b327d39f9d8b","locale":"en-us","time":"2021-02-19T17:14:21.583Z","user":"bltfa8f4cbde7d72d8a","version":1},{"environment":"blt4ba664a020591f5a","locale":"en-us","time":"2021-02-19T17:14:21.583Z","user":"bltfa8f4cbde7d72d8a","version":1}]}]