{"blt99a2b54d932db131":{"name":"Blog","parent":[],"ACL":[],"_version":2,"content_types":["author","blog_post","page"],"uid":"blt99a2b54d932db131","created_by":"bltfa8f4cbde7d72d8a","updated_by":"bltfa8f4cbde7d72d8a","created_at":"2021-02-19T17:15:15.019Z","updated_at":"2021-02-19T17:15:20.889Z"},"blt5dac445b0a2f09a3":{"name":"Pages","parent":[],"ACL":[],"_version":2,"content_types":["page"],"uid":"blt5dac445b0a2f09a3","created_by":"bltfa8f4cbde7d72d8a","updated_by":"bltfa8f4cbde7d72d8a","created_at":"2021-02-19T17:15:14.128Z","updated_at":"2021-02-19T17:15:20.004Z"},"bltdc9add813d2108d5":{"name":"Components","parent":[],"ACL":[],"_version":2,"content_types":["footer","header"],"uid":"bltdc9add813d2108d5","created_by":"bltfa8f4cbde7d72d8a","updated_by":"bltfa8f4cbde7d72d8a","created_at":"2021-02-19T17:15:13.159Z","updated_at":"2021-02-19T17:15:17.802Z"}}