[{"uid":"bltfea852d27f677d2c","content_type":"image/jpeg","file_size":"10012","tags":[],"filename":"instagram.jpeg","url":"https://images.contentstack.io/v3/assets/bltd5108a60cd620ec1/bltfea852d27f677d2c/602239c85c028816c41c775c/instagram.jpeg","ACL":{},"is_dir":false,"parent_uid":"bltec4c6535e1052248","_version":1,"title":"instagram.jpeg","publish_details":[{"environment":"blt3dfe0ed2ddf5fb14","locale":"en-us","time":"2021-02-09T07:29:13.737Z","user":"blt3167f0a16386ed8e","version":1},{"environment":"blt6f4046f0d8dea679","locale":"en-us","time":"2021-02-09T07:29:13.737Z","user":"blt3167f0a16386ed8e","version":1}]}]