[{"uid":"blte4c73c033e5cbece","content_type":"image/png","file_size":"1491","tags":[],"filename":"facebook.png","url":"https://images.contentstack.io/v3/assets/bltf59c4e8f691cee51/blte4c73c033e5cbece/602ff1d8e3d65d6e06d035ca/facebook.png","ACL":{},"is_dir":false,"parent_uid":"bltc5aa3ca92a6c508d","_version":1,"title":"facebook.png","publish_details":[{"environment":"blt3c32b327d39f9d8b","locale":"en-us","time":"2021-02-19T17:14:01.438Z","user":"bltfa8f4cbde7d72d8a","version":1},{"environment":"blt4ba664a020591f5a","locale":"en-us","time":"2021-02-19T17:14:01.438Z","user":"bltfa8f4cbde7d72d8a","version":1}]}]