[{"uid":"bltab3a5e184cb8ecac","content_type":"image/png","file_size":"99632","tags":[],"filename":"Charlotte_Bronte_Headshot.png","url":"https://images.contentstack.io/v3/assets/bltf59c4e8f691cee51/bltab3a5e184cb8ecac/602ff1d40ed681340dfe38db/Charlotte_Bronte_Headshot.png","ACL":{},"is_dir":false,"parent_uid":"blt36e5cabe55781e99","_version":1,"title":"Charlotte_Bronte_Headshot.png","publish_details":[{"environment":"blt3c32b327d39f9d8b","locale":"en-us","time":"2021-02-19T17:13:57.335Z","user":"bltfa8f4cbde7d72d8a","version":1},{"environment":"blt4ba664a020591f5a","locale":"en-us","time":"2021-02-19T17:13:57.335Z","user":"bltfa8f4cbde7d72d8a","version":1}]}]