[{"uid":"blt8129ad61fc6a0c8b","content_type":"image/png","file_size":"140512","tags":[],"filename":"Screen_Shot_2020-10-22_at_3.13.28_PM.png","url":"https://images.contentstack.io/v3/assets/bltd5108a60cd620ec1/blt8129ad61fc6a0c8b/602239a518fdea77ad48ab8d/Screen_Shot_2020-10-22_at_3.13.28_PM.png","ACL":{},"is_dir":false,"parent_uid":"bltb3bdb661fd4b1cc7","_version":1,"title":"hero_banner01.JPG","description":"","publish_details":[{"environment":"blt3dfe0ed2ddf5fb14","locale":"en-us","time":"2021-02-09T07:28:38.713Z","user":"blt3167f0a16386ed8e","version":1},{"environment":"blt6f4046f0d8dea679","locale":"en-us","time":"2021-02-09T07:28:38.713Z","user":"blt3167f0a16386ed8e","version":1},{"environment":"blt3dfe0ed2ddf5fb14","locale":"fr-fr","time":"2021-02-09T12:14:49.465Z","user":"blt3167f0a16386ed8e","version":1},{"environment":"blt6f4046f0d8dea679","locale":"fr-fr","time":"2021-02-09T12:14:49.474Z","user":"blt3167f0a16386ed8e","version":1}]}]