[{"uid":"blt6481dbdc5eadfa10","content_type":"image/svg+xml","file_size":"579","tags":[],"filename":"Icon_Artwork_1.svg","url":"https://images.contentstack.io/v3/assets/bltf59c4e8f691cee51/blt6481dbdc5eadfa10/602ff1e73c15227a6def3c26/Icon_Artwork_1.svg","ACL":{},"is_dir":false,"parent_uid":"blted5e4eabfd819562","_version":1,"title":"Icon_Artwork_1.svg","publish_details":[{"environment":"blt4ba664a020591f5a","locale":"en-us","time":"2021-02-19T17:14:16.877Z","user":"bltfa8f4cbde7d72d8a","version":1},{"environment":"blt3c32b327d39f9d8b","locale":"en-us","time":"2021-02-19T17:14:16.877Z","user":"bltfa8f4cbde7d72d8a","version":1}]}]