[{"uid":"blt39ea8fbc7e569c08","content_type":"image/svg+xml","file_size":"1314","tags":[],"filename":"bucket2.svg","url":"https://images.contentstack.io/v3/assets/bltf59c4e8f691cee51/blt39ea8fbc7e569c08/602ff1e78dc14369a5668080/bucket2.svg","ACL":{},"is_dir":false,"parent_uid":"bltc5aa3ca92a6c508d","_version":1,"title":"bucket2.svg","publish_details":[{"environment":"blt3c32b327d39f9d8b","locale":"en-us","time":"2021-02-19T17:14:16.891Z","user":"bltfa8f4cbde7d72d8a","version":1},{"environment":"blt4ba664a020591f5a","locale":"en-us","time":"2021-02-19T17:14:16.891Z","user":"bltfa8f4cbde7d72d8a","version":1}]}]