{"blt698a4e06163f797c":{"uid":"blt698a4e06163f797c","content_type":"image/svg+xml","file_size":"706","tags":[],"filename":"bucket1.svg","url":"https://images.contentstack.io/v3/assets/bltd5108a60cd620ec1/blt698a4e06163f797c/602633e2259d063ffea71200/bucket1.svg","ACL":{"roles":[],"others":{"read":false,"create":false,"update":false,"delete":false,"sub_acl":{"read":false,"create":false,"update":false,"delete":false,"publish":false}}},"is_dir":false,"parent_uid":"blt5c54c0ec56cedfde","_version":1,"title":"bucket1.svg","publish_details":[]},"blt7bb647fd4e495e99":{"uid":"blt7bb647fd4e495e99","content_type":"image/svg+xml","file_size":"1436","tags":[],"filename":"Twitter.svg","url":"https://images.contentstack.io/v3/assets/bltd5108a60cd620ec1/blt7bb647fd4e495e99/6026a2e7befc761ffff9c14e/Twitter.svg","ACL":{"roles":[],"others":{"read":false,"create":false,"update":false,"delete":false,"sub_acl":{"read":false,"create":false,"update":false,"delete":false,"publish":false}}},"is_dir":false,"parent_uid":"bltec4c6535e1052248","_version":1,"title":"Twitter.svg","publish_details":[{"environment":"blt3dfe0ed2ddf5fb14","locale":"en-us","time":"2021-02-12T15:51:35.636Z","user":"bltf01cfddcefa2394d","version":1},{"environment":"blt6f4046f0d8dea679","locale":"en-us","time":"2021-02-12T15:51:35.645Z","user":"bltf01cfddcefa2394d","version":1}]},"bltc95bd18b4647e868":{"uid":"bltc95bd18b4647e868","content_type":"image/svg+xml","file_size":"1288","tags":[],"filename":"facebook.svg","url":"https://images.contentstack.io/v3/assets/bltd5108a60cd620ec1/bltc95bd18b4647e868/6026a2b6c510c822726ca8c1/facebook.svg","ACL":{"roles":[],"others":{"read":false,"create":false,"update":false,"delete":false,"sub_acl":{"read":false,"create":false,"update":false,"delete":false,"publish":false}}},"is_dir":false,"parent_uid":"bltec4c6535e1052248","_version":1,"title":"facebook.svg","publish_details":[{"environment":"blt3dfe0ed2ddf5fb14","locale":"en-us","time":"2021-02-12T15:51:35.616Z","user":"bltf01cfddcefa2394d","version":1},{"environment":"blt6f4046f0d8dea679","locale":"en-us","time":"2021-02-12T15:51:35.628Z","user":"bltf01cfddcefa2394d","version":1}]},"blt92b58c31fd229439":{"uid":"blt92b58c31fd229439","content_type":"image/svg+xml","file_size":"154333","tags":[],"filename":"Image_(1).svg","url":"https://images.contentstack.io/v3/assets/bltd5108a60cd620ec1/blt92b58c31fd229439/6024ed4ff13a6d4c0c2584f0/Image_(1).svg","ACL":{"roles":[],"others":{"read":false,"create":false,"update":false,"delete":false,"sub_acl":{"read":false,"create":false,"update":false,"delete":false,"publish":false}}},"is_dir":false,"parent_uid":"blt8d564f31a6865f94","_version":1,"title":"Image_(1).svg","publish_details":[{"environment":"blt3dfe0ed2ddf5fb14","locale":"en-us","time":"2021-02-11T08:49:12.488Z","user":"blt161e02c9fffa78f6","version":1},{"environment":"blt6f4046f0d8dea679","locale":"en-us","time":"2021-02-11T09:03:31.502Z","user":"blt161e02c9fffa78f6","version":1}]},"bltcb992cd7080902f4":{"uid":"bltcb992cd7080902f4","content_type":"image/svg+xml","file_size":"128164","tags":[],"filename":"Image(3).svg","url":"https://images.contentstack.io/v3/assets/bltd5108a60cd620ec1/bltcb992cd7080902f4/6024ed4edb520b688d8288b1/Image(3).svg","ACL":{"roles":[],"others":{"read":false,"create":false,"update":false,"delete":false,"sub_acl":{"read":false,"create":false,"update":false,"delete":false,"publish":false}}},"is_dir":false,"parent_uid":"blt8d564f31a6865f94","_version":1,"title":"Image(3).svg","publish_details":[{"environment":"blt3dfe0ed2ddf5fb14","locale":"en-us","time":"2021-02-11T08:49:12.507Z","user":"blt161e02c9fffa78f6","version":1},{"environment":"blt6f4046f0d8dea679","locale":"en-us","time":"2021-02-11T09:03:31.530Z","user":"blt161e02c9fffa78f6","version":1}]},"bltb16ec823d472fc16":{"uid":"bltb16ec823d472fc16","content_type":"image/svg+xml","file_size":"48517","tags":[],"filename":"Image(2).svg","url":"https://images.contentstack.io/v3/assets/bltd5108a60cd620ec1/bltb16ec823d472fc16/6024ed4d269aa649b975872e/Image(2).svg","ACL":{"roles":[],"others":{"read":false,"create":false,"update":false,"delete":false,"sub_acl":{"read":false,"create":false,"update":false,"delete":false,"publish":false}}},"is_dir":false,"parent_uid":"blt8d564f31a6865f94","_version":1,"title":"Image(2).svg","publish_details":[{"environment":"blt3dfe0ed2ddf5fb14","locale":"en-us","time":"2021-02-11T08:49:12.501Z","user":"blt161e02c9fffa78f6","version":1},{"environment":"blt6f4046f0d8dea679","locale":"en-us","time":"2021-02-11T09:03:31.520Z","user":"blt161e02c9fffa78f6","version":1}]},"blteb7f9b3b97757f80":{"uid":"blteb7f9b3b97757f80","content_type":"image/svg+xml","file_size":"806","tags":[],"filename":"Instagram.svg","url":"https://images.contentstack.io/v3/assets/bltd5108a60cd620ec1/blteb7f9b3b97757f80/6026a37565b2902278abaa3f/Instagram.svg","ACL":{"roles":[],"others":{"read":false,"create":false,"update":false,"delete":false,"sub_acl":{"read":false,"create":false,"update":false,"delete":false,"publish":false}}},"is_dir":false,"parent_uid":"bltec4c6535e1052248","_version":2,"title":"Instagram.svg","description":"","publish_details":[{"environment":"blt3dfe0ed2ddf5fb14","locale":"en-us","time":"2021-02-12T15:51:35.660Z","user":"bltf01cfddcefa2394d","version":2},{"environment":"blt6f4046f0d8dea679","locale":"en-us","time":"2021-02-12T15:51:35.669Z","user":"bltf01cfddcefa2394d","version":2}]},"blt3f8547bd59cd3033":{"uid":"blt3f8547bd59cd3033","content_type":"image/svg+xml","file_size":"32495","tags":[],"filename":"Image_(2).svg","url":"https://images.contentstack.io/v3/assets/bltd5108a60cd620ec1/blt3f8547bd59cd3033/6024eda3f4a7946af0338407/Image_(2).svg","ACL":{"roles":[],"others":{"read":false,"create":false,"update":false,"delete":false,"sub_acl":{"read":false,"create":false,"update":false,"delete":false,"publish":false}}},"is_dir":false,"parent_uid":"bltae711ace911ffd90","_version":1,"title":"Image_(2).svg","publish_details":[{"environment":"blt3dfe0ed2ddf5fb14","locale":"en-us","time":"2021-02-11T08:53:46.471Z","user":"blt161e02c9fffa78f6","version":1},{"environment":"blt6f4046f0d8dea679","locale":"en-us","time":"2021-02-11T08:53:46.495Z","user":"blt161e02c9fffa78f6","version":1}]},"blt3b88f2e82bf4d793":{"uid":"blt3b88f2e82bf4d793","content_type":"image/svg+xml","file_size":"32524","tags":[],"filename":"Image_3.svg","url":"https://images.contentstack.io/v3/assets/bltd5108a60cd620ec1/blt3b88f2e82bf4d793/6024eda33e70bb4c12c71ace/Image_3.svg","ACL":{"roles":[],"others":{"read":false,"create":false,"update":false,"delete":false,"sub_acl":{"read":false,"create":false,"update":false,"delete":false,"publish":false}}},"is_dir":false,"parent_uid":"bltae711ace911ffd90","_version":1,"title":"Image_3.svg","publish_details":[{"environment":"blt3dfe0ed2ddf5fb14","locale":"en-us","time":"2021-02-11T08:57:07.300Z","user":"blt161e02c9fffa78f6","version":1},{"environment":"blt6f4046f0d8dea679","locale":"en-us","time":"2021-02-11T08:57:07.310Z","user":"blt161e02c9fffa78f6","version":1}]},"blt7d90bf97ed82d585":{"uid":"blt7d90bf97ed82d585","content_type":"image/svg+xml","file_size":"26826","tags":[],"filename":"Images(1)_(1).svg","url":"https://images.contentstack.io/v3/assets/bltd5108a60cd620ec1/blt7d90bf97ed82d585/6024f1e252af9c14d90591c9/Images(1)_(1).svg","ACL":{"roles":[],"others":{"read":false,"create":false,"update":false,"delete":false,"sub_acl":{"read":false,"create":false,"update":false,"delete":false,"publish":false}}},"is_dir":false,"parent_uid":"bltae711ace911ffd90","_version":1,"title":"Images(1)_(1).svg","publish_details":[{"environment":"blt3dfe0ed2ddf5fb14","locale":"en-us","time":"2021-02-11T09:01:26.140Z","user":"blt161e02c9fffa78f6","version":1},{"environment":"blt6f4046f0d8dea679","locale":"en-us","time":"2021-02-11T09:01:26.150Z","user":"blt161e02c9fffa78f6","version":1}]},"blta26f821fe4231b8b":{"uid":"blta26f821fe4231b8b","content_type":"image/svg+xml","file_size":"1053","tags":[],"filename":"bucket3.svg","url":"https://images.contentstack.io/v3/assets/bltd5108a60cd620ec1/blta26f821fe4231b8b/60263000c5cb9e7774e07193/bucket3.svg","ACL":{"roles":[],"others":{"read":false,"create":false,"update":false,"delete":false,"sub_acl":{"read":false,"create":false,"update":false,"delete":false,"publish":false}}},"is_dir":false,"parent_uid":"bltec4c6535e1052248","_version":1,"title":"bucket3.svg","publish_details":[{"environment":"blt3dfe0ed2ddf5fb14","locale":"en-us","time":"2021-02-12T07:38:30.748Z","user":"bltf01cfddcefa2394d","version":1},{"environment":"blt6f4046f0d8dea679","locale":"en-us","time":"2021-02-12T07:38:30.756Z","user":"bltf01cfddcefa2394d","version":1}]},"blt489f1f2dae6e4e1b":{"uid":"blt489f1f2dae6e4e1b","content_type":"image/svg+xml","file_size":"47003","tags":[],"filename":"Images_(1).svg","url":"https://images.contentstack.io/v3/assets/bltd5108a60cd620ec1/blt489f1f2dae6e4e1b/6024f1e261513a1aa74764cb/Images_(1).svg","ACL":{"roles":[],"others":{"read":false,"create":false,"update":false,"delete":false,"sub_acl":{"read":false,"create":false,"update":false,"delete":false,"publish":false}}},"is_dir":false,"parent_uid":"bltae711ace911ffd90","_version":1,"title":"Images_(1).svg","publish_details":[{"environment":"blt3dfe0ed2ddf5fb14","locale":"en-us","time":"2021-02-11T09:00:07.254Z","user":"blt161e02c9fffa78f6","version":1},{"environment":"blt6f4046f0d8dea679","locale":"en-us","time":"2021-02-11T09:00:07.264Z","user":"blt161e02c9fffa78f6","version":1}]},"blt184018807552b966":{"uid":"blt184018807552b966","content_type":"image/svg+xml","file_size":"706","tags":[],"filename":"bucket1.svg","url":"https://images.contentstack.io/v3/assets/bltd5108a60cd620ec1/blt184018807552b966/6026300072d7cb70d82efce9/bucket1.svg","ACL":{"roles":[],"others":{"read":false,"create":false,"update":false,"delete":false,"sub_acl":{"read":false,"create":false,"update":false,"delete":false,"publish":false}}},"is_dir":false,"parent_uid":"bltec4c6535e1052248","_version":1,"title":"bucket1.svg","publish_details":[{"environment":"blt3dfe0ed2ddf5fb14","locale":"en-us","time":"2021-02-12T07:38:30.714Z","user":"bltf01cfddcefa2394d","version":1},{"environment":"blt6f4046f0d8dea679","locale":"en-us","time":"2021-02-12T07:38:30.724Z","user":"bltf01cfddcefa2394d","version":1}]},"blt4328c9d822a79dae":{"uid":"blt4328c9d822a79dae","content_type":"image/svg+xml","file_size":"1314","tags":[],"filename":"bucket2.svg","url":"https://images.contentstack.io/v3/assets/bltd5108a60cd620ec1/blt4328c9d822a79dae/602630002edec315b7db34bb/bucket2.svg","ACL":{"roles":[],"others":{"read":false,"create":false,"update":false,"delete":false,"sub_acl":{"read":false,"create":false,"update":false,"delete":false,"publish":false}}},"is_dir":false,"parent_uid":"bltec4c6535e1052248","_version":1,"title":"bucket2.svg","publish_details":[{"environment":"blt3dfe0ed2ddf5fb14","locale":"en-us","time":"2021-02-12T07:38:30.733Z","user":"bltf01cfddcefa2394d","version":1},{"environment":"blt6f4046f0d8dea679","locale":"en-us","time":"2021-02-12T07:38:30.740Z","user":"bltf01cfddcefa2394d","version":1}]},"blt377b2541028bdb81":{"uid":"blt377b2541028bdb81","content_type":"image/svg+xml","file_size":"53205","tags":[],"filename":"Image(1)_(2).svg","url":"https://images.contentstack.io/v3/assets/bltd5108a60cd620ec1/blt377b2541028bdb81/6024eda361513a1aa74764bb/Image(1)_(2).svg","ACL":{"roles":[],"others":{"read":false,"create":false,"update":false,"delete":false,"sub_acl":{"read":false,"create":false,"update":false,"delete":false,"publish":false}}},"is_dir":false,"parent_uid":"bltae711ace911ffd90","_version":1,"title":"Image(1)_(2).svg","publish_details":[{"environment":"blt3dfe0ed2ddf5fb14","locale":"en-us","time":"2021-02-11T08:55:18.767Z","user":"blt161e02c9fffa78f6","version":1},{"environment":"blt6f4046f0d8dea679","locale":"en-us","time":"2021-02-11T08:55:18.777Z","user":"blt161e02c9fffa78f6","version":1}]},"bltda1c51badc8eff82":{"uid":"bltda1c51badc8eff82","content_type":"image/svg+xml","file_size":"1849","tags":[],"filename":"Icon_Artwork_2.svg","url":"https://images.contentstack.io/v3/assets/bltd5108a60cd620ec1/bltda1c51badc8eff82/602633c811761e42b185d5f8/Icon_Artwork_2.svg","ACL":{"roles":[],"others":{"read":false,"create":false,"update":false,"delete":false,"sub_acl":{"read":false,"create":false,"update":false,"delete":false,"publish":false}}},"is_dir":false,"parent_uid":"blt8d564f31a6865f94","_version":1,"title":"Icon_Artwork_2.svg","publish_details":[{"environment":"blt3dfe0ed2ddf5fb14","locale":"en-us","time":"2021-02-12T07:54:17.672Z","user":"blt161e02c9fffa78f6","version":1},{"environment":"blt6f4046f0d8dea679","locale":"en-us","time":"2021-02-12T07:54:17.682Z","user":"blt161e02c9fffa78f6","version":1}]},"bltbb15e28317c9c9b1":{"uid":"bltbb15e28317c9c9b1","content_type":"image/svg+xml","file_size":"2584878","tags":[],"filename":"Map_of_Birmingham_(City).svg","url":"https://images.contentstack.io/v3/assets/bltd5108a60cd620ec1/bltbb15e28317c9c9b1/6033983854bb3918e6be0255/Map_of_Birmingham_(City).svg","ACL":{"roles":[],"others":{"read":false,"create":false,"update":false,"delete":false,"sub_acl":{"read":false,"create":false,"update":false,"delete":false,"publish":false}}},"is_dir":false,"parent_uid":"blt51651fb12ee0584e","_version":1,"title":"Map_of_Birmingham_(City).svg","publish_details":[]},"bltef243c1cb468ec45":{"uid":"bltef243c1cb468ec45","content_type":"image/svg+xml","file_size":"1053","tags":[],"filename":"bucket3.svg","url":"https://images.contentstack.io/v3/assets/bltd5108a60cd620ec1/bltef243c1cb468ec45/602633e26ed27479d23ca484/bucket3.svg","ACL":{"roles":[],"others":{"read":false,"create":false,"update":false,"delete":false,"sub_acl":{"read":false,"create":false,"update":false,"delete":false,"publish":false}}},"is_dir":false,"parent_uid":"blt5c54c0ec56cedfde","_version":1,"title":"bucket3.svg","publish_details":[]},"blt6cc63900ecd1d9e4":{"uid":"blt6cc63900ecd1d9e4","content_type":"image/svg+xml","file_size":"579","tags":[],"filename":"Icon_Artwork_1.svg","url":"https://images.contentstack.io/v3/assets/bltd5108a60cd620ec1/blt6cc63900ecd1d9e4/602633c8505c757773befb26/Icon_Artwork_1.svg","ACL":{"roles":[],"others":{"read":false,"create":false,"update":false,"delete":false,"sub_acl":{"read":false,"create":false,"update":false,"delete":false,"publish":false}}},"is_dir":false,"parent_uid":"blt8d564f31a6865f94","_version":1,"title":"Icon_Artwork_1.svg","publish_details":[{"environment":"blt3dfe0ed2ddf5fb14","locale":"en-us","time":"2021-02-12T07:54:17.693Z","user":"blt161e02c9fffa78f6","version":1},{"environment":"blt6f4046f0d8dea679","locale":"en-us","time":"2021-02-12T07:54:17.701Z","user":"blt161e02c9fffa78f6","version":1}]},"blt51928c2a1014f585":{"uid":"blt51928c2a1014f585","content_type":"image/svg+xml","file_size":"1314","tags":[],"filename":"bucket2.svg","url":"https://images.contentstack.io/v3/assets/bltd5108a60cd620ec1/blt51928c2a1014f585/602633e2c5cb9e7774e07197/bucket2.svg","ACL":{"roles":[],"others":{"read":false,"create":false,"update":false,"delete":false,"sub_acl":{"read":false,"create":false,"update":false,"delete":false,"publish":false}}},"is_dir":false,"parent_uid":"blt5c54c0ec56cedfde","_version":1,"title":"bucket2.svg","publish_details":[]},"blt7dd5ba1301f3e635":{"uid":"blt7dd5ba1301f3e635","content_type":"image/jpeg","file_size":"21913","tags":[],"filename":"Virginia_Woolf_Headshot.jpg","url":"https://images.contentstack.io/v3/assets/bltd5108a60cd620ec1/blt7dd5ba1301f3e635/6022399cd3bff034aa3dede1/Virginia_Woolf_Headshot.jpg","ACL":{"roles":[],"others":{"read":false,"create":false,"update":false,"delete":false,"sub_acl":{"read":false,"create":false,"update":false,"delete":false,"publish":false}}},"is_dir":false,"parent_uid":"bltb694a1c53fb70657","_version":1,"title":"Virginia_Woolf_Headshot.jpg","publish_details":[{"environment":"blt3dfe0ed2ddf5fb14","locale":"en-us","time":"2021-02-09T07:28:29.634Z","user":"blt3167f0a16386ed8e","version":1},{"environment":"blt6f4046f0d8dea679","locale":"en-us","time":"2021-02-09T07:28:29.634Z","user":"blt3167f0a16386ed8e","version":1}]},"blt78b6f36895738abe":{"uid":"blt78b6f36895738abe","content_type":"image/png","file_size":"3938","tags":[],"filename":"cslogo.png","url":"https://images.contentstack.io/v3/assets/bltd5108a60cd620ec1/blt78b6f36895738abe/602239979d69eb3c868a2ec8/cslogo.png","ACL":{"roles":[],"others":{"read":false,"create":false,"update":false,"delete":false,"sub_acl":{"read":false,"create":false,"update":false,"delete":false,"publish":false}}},"is_dir":false,"parent_uid":"bltb3bdb661fd4b1cc7","_version":1,"title":"cslogo.png","publish_details":[{"environment":"blt3dfe0ed2ddf5fb14","locale":"en-us","time":"2021-02-09T07:28:25.314Z","user":"blt3167f0a16386ed8e","version":1},{"environment":"blt6f4046f0d8dea679","locale":"en-us","time":"2021-02-09T07:28:25.314Z","user":"blt3167f0a16386ed8e","version":1}]},"blt6d6b99a7f31249f2":{"uid":"blt6d6b99a7f31249f2","content_type":"image/svg+xml","file_size":"49454","tags":[],"filename":"Image(1).svg","url":"https://images.contentstack.io/v3/assets/bltd5108a60cd620ec1/blt6d6b99a7f31249f2/6024ecea9a7bfd14d2733453/Image(1).svg","ACL":{"roles":[],"others":{"read":false,"create":false,"update":false,"delete":false,"sub_acl":{"read":false,"create":false,"update":false,"delete":false,"publish":false}}},"is_dir":false,"parent_uid":"blt5c54c0ec56cedfde","_version":1,"title":"Image(1).svg","publish_details":[{"environment":"blt3dfe0ed2ddf5fb14","locale":"en-us","time":"2021-02-11T08:45:45.468Z","user":"blt161e02c9fffa78f6","version":1},{"environment":"blt6f4046f0d8dea679","locale":"en-us","time":"2021-02-11T09:03:07.958Z","user":"blt161e02c9fffa78f6","version":1}]},"blt7822722c7fd7f967":{"uid":"blt7822722c7fd7f967","content_type":"image/svg+xml","file_size":"54029","tags":[],"filename":"Image.svg","url":"https://images.contentstack.io/v3/assets/bltd5108a60cd620ec1/blt7822722c7fd7f967/6024ecea61513a1aa74764b5/Image.svg","ACL":{"roles":[],"others":{"read":false,"create":false,"update":false,"delete":false,"sub_acl":{"read":false,"create":false,"update":false,"delete":false,"publish":false}}},"is_dir":false,"parent_uid":"blt5c54c0ec56cedfde","_version":1,"title":"Image.svg","publish_details":[{"environment":"blt3dfe0ed2ddf5fb14","locale":"en-us","time":"2021-02-11T08:45:45.458Z","user":"blt161e02c9fffa78f6","version":1},{"environment":"blt6f4046f0d8dea679","locale":"en-us","time":"2021-02-11T09:03:07.952Z","user":"blt161e02c9fffa78f6","version":1}]},"blt0a4cc95e4ff989c6":{"uid":"blt0a4cc95e4ff989c6","content_type":"image/svg+xml","file_size":"76596","tags":[],"filename":"rafiki_2.svg","url":"https://images.contentstack.io/v3/assets/bltd5108a60cd620ec1/blt0a4cc95e4ff989c6/6024ed4c1c9f7c1839619da1/rafiki_2.svg","ACL":{"roles":[],"others":{"read":false,"create":false,"update":false,"delete":false,"sub_acl":{"read":false,"create":false,"update":false,"delete":false,"publish":false}}},"is_dir":false,"parent_uid":"blt8d564f31a6865f94","_version":1,"title":"rafiki_2.svg","publish_details":[{"environment":"blt3dfe0ed2ddf5fb14","locale":"en-us","time":"2021-02-11T08:49:12.482Z","user":"blt161e02c9fffa78f6","version":1},{"environment":"blt6f4046f0d8dea679","locale":"en-us","time":"2021-02-11T09:03:31.494Z","user":"blt161e02c9fffa78f6","version":1}]},"bltf267075004530c10":{"uid":"bltf267075004530c10","content_type":"image/svg+xml","file_size":"125471","tags":[],"filename":"rafiki.svg","url":"https://images.contentstack.io/v3/assets/bltd5108a60cd620ec1/bltf267075004530c10/6024ed4cf13a6d4c0c2584ec/rafiki.svg","ACL":{"roles":[],"others":{"read":false,"create":false,"update":false,"delete":false,"sub_acl":{"read":false,"create":false,"update":false,"delete":false,"publish":false}}},"is_dir":false,"parent_uid":"blt8d564f31a6865f94","_version":1,"title":"rafiki.svg","publish_details":[{"environment":"blt3dfe0ed2ddf5fb14","locale":"en-us","time":"2021-02-11T08:49:12.476Z","user":"blt161e02c9fffa78f6","version":1},{"environment":"blt6f4046f0d8dea679","locale":"en-us","time":"2021-02-11T09:03:31.485Z","user":"blt161e02c9fffa78f6","version":1}]},"blte525b59d340d4637":{"uid":"blte525b59d340d4637","content_type":"image/jpeg","file_size":"148713","tags":[],"filename":"Mark_Twain_Headshot.jpg","url":"https://images.contentstack.io/v3/assets/bltd5108a60cd620ec1/blte525b59d340d4637/602239a0c9ba5826e0902e35/Mark_Twain_Headshot.jpg","ACL":{"roles":[],"others":{"read":false,"create":false,"update":false,"delete":false,"sub_acl":{"read":false,"create":false,"update":false,"delete":false,"publish":false}}},"is_dir":false,"parent_uid":"bltb694a1c53fb70657","_version":1,"title":"Mark_Twain_Headshot.jpg","publish_details":[{"environment":"blt3dfe0ed2ddf5fb14","locale":"en-us","time":"2021-02-09T07:28:33.920Z","user":"blt3167f0a16386ed8e","version":1},{"environment":"blt6f4046f0d8dea679","locale":"en-us","time":"2021-02-09T07:28:33.920Z","user":"blt3167f0a16386ed8e","version":1}]},"blta47dbce948bc8271":{"uid":"blta47dbce948bc8271","content_type":"image/svg+xml","file_size":"55212","tags":[],"filename":"Image(1)_(1).svg","url":"https://images.contentstack.io/v3/assets/bltd5108a60cd620ec1/blta47dbce948bc8271/6024ed4d29a02c49ba1f6a8a/Image(1)_(1).svg","ACL":{"roles":[],"others":{"read":false,"create":false,"update":false,"delete":false,"sub_acl":{"read":false,"create":false,"update":false,"delete":false,"publish":false}}},"is_dir":false,"parent_uid":"blt8d564f31a6865f94","_version":1,"title":"Image(1)_(1).svg","publish_details":[{"environment":"blt3dfe0ed2ddf5fb14","locale":"en-us","time":"2021-02-11T08:49:12.494Z","user":"blt161e02c9fffa78f6","version":1},{"environment":"blt6f4046f0d8dea679","locale":"en-us","time":"2021-02-11T09:03:31.512Z","user":"blt161e02c9fffa78f6","version":1}]},"blt8129ad61fc6a0c8b":{"uid":"blt8129ad61fc6a0c8b","content_type":"image/png","file_size":"140512","tags":[],"filename":"Screen_Shot_2020-10-22_at_3.13.28_PM.png","url":"https://images.contentstack.io/v3/assets/bltd5108a60cd620ec1/blt8129ad61fc6a0c8b/602239a518fdea77ad48ab8d/Screen_Shot_2020-10-22_at_3.13.28_PM.png","ACL":{"roles":[],"others":{"read":false,"create":false,"update":false,"delete":false,"sub_acl":{"read":false,"create":false,"update":false,"delete":false,"publish":false}}},"is_dir":false,"parent_uid":"bltb3bdb661fd4b1cc7","_version":1,"title":"hero_banner01.JPG","description":"","publish_details":[{"environment":"blt3dfe0ed2ddf5fb14","locale":"en-us","time":"2021-02-09T07:28:38.713Z","user":"blt3167f0a16386ed8e","version":1},{"environment":"blt6f4046f0d8dea679","locale":"en-us","time":"2021-02-09T07:28:38.713Z","user":"blt3167f0a16386ed8e","version":1},{"environment":"blt3dfe0ed2ddf5fb14","locale":"fr-fr","time":"2021-02-09T12:14:49.465Z","user":"blt3167f0a16386ed8e","version":1},{"environment":"blt6f4046f0d8dea679","locale":"fr-fr","time":"2021-02-09T12:14:49.474Z","user":"blt3167f0a16386ed8e","version":1}]},"blt97d648c2cc948791":{"uid":"blt97d648c2cc948791","content_type":"image/jpeg","file_size":"35323","tags":[],"filename":"Zora_Neale_Hurston_Headshot.jpg","url":"https://images.contentstack.io/v3/assets/bltd5108a60cd620ec1/blt97d648c2cc948791/602239aff14804226739fe83/Zora_Neale_Hurston_Headshot.jpg","ACL":{"roles":[],"others":{"read":false,"create":false,"update":false,"delete":false,"sub_acl":{"read":false,"create":false,"update":false,"delete":false,"publish":false}}},"is_dir":false,"parent_uid":"bltb694a1c53fb70657","_version":1,"title":"Zora_Neale_Hurston_Headshot.jpg","publish_details":[{"environment":"blt3dfe0ed2ddf5fb14","locale":"en-us","time":"2021-02-09T07:28:48.570Z","user":"blt3167f0a16386ed8e","version":1},{"environment":"blt6f4046f0d8dea679","locale":"en-us","time":"2021-02-09T07:28:48.570Z","user":"blt3167f0a16386ed8e","version":1}]},"blt6e022c2f716de053":{"uid":"blt6e022c2f716de053","content_type":"image/jpeg","file_size":"26414","tags":[],"filename":"W._E._B._Du_Bois_Headshot.jpg","url":"https://images.contentstack.io/v3/assets/bltd5108a60cd620ec1/blt6e022c2f716de053/602239b52bea440c55e7817c/W._E._B._Du_Bois_Headshot.jpg","ACL":{"roles":[],"others":{"read":false,"create":false,"update":false,"delete":false,"sub_acl":{"read":false,"create":false,"update":false,"delete":false,"publish":false}}},"is_dir":false,"parent_uid":"bltb694a1c53fb70657","_version":1,"title":"W._E._B._Du_Bois_Headshot.jpg","publish_details":[{"environment":"blt3dfe0ed2ddf5fb14","locale":"en-us","time":"2021-02-09T07:28:54.752Z","user":"blt3167f0a16386ed8e","version":1},{"environment":"blt6f4046f0d8dea679","locale":"en-us","time":"2021-02-09T07:28:54.752Z","user":"blt3167f0a16386ed8e","version":1}]},"blte3474b23dfd48ef0":{"uid":"blte3474b23dfd48ef0","content_type":"image/jpeg","file_size":"2850","tags":[],"filename":"ben.jpeg","url":"https://images.contentstack.io/v3/assets/bltd5108a60cd620ec1/blte3474b23dfd48ef0/602239b1afcf563564a57431/ben.jpeg","ACL":{"roles":[],"others":{"read":false,"create":false,"update":false,"delete":false,"sub_acl":{"read":false,"create":false,"update":false,"delete":false,"publish":false}}},"is_dir":false,"parent_uid":"bltb694a1c53fb70657","_version":1,"title":"ben.jpeg","publish_details":[{"environment":"blt3dfe0ed2ddf5fb14","locale":"en-us","time":"2021-02-09T07:28:51.316Z","user":"blt3167f0a16386ed8e","version":1},{"environment":"blt6f4046f0d8dea679","locale":"en-us","time":"2021-02-09T07:28:51.317Z","user":"blt3167f0a16386ed8e","version":1}]},"blt346873a63bb74036":{"uid":"blt346873a63bb74036","content_type":"image/jpeg","file_size":"8494","tags":[],"filename":"AlbertEinstein.jpeg","url":"https://images.contentstack.io/v3/assets/bltd5108a60cd620ec1/blt346873a63bb74036/602239b8a100f639dc164b57/AlbertEinstein.jpeg","ACL":{"roles":[],"others":{"read":false,"create":false,"update":false,"delete":false,"sub_acl":{"read":false,"create":false,"update":false,"delete":false,"publish":false}}},"is_dir":false,"parent_uid":"bltb694a1c53fb70657","_version":1,"title":"AlbertEinstein.jpeg","publish_details":[{"environment":"blt3dfe0ed2ddf5fb14","locale":"en-us","time":"2021-02-09T07:28:57.874Z","user":"blt3167f0a16386ed8e","version":1},{"environment":"blt6f4046f0d8dea679","locale":"en-us","time":"2021-02-09T07:28:57.874Z","user":"blt3167f0a16386ed8e","version":1}]},"bltffed837d695021c9":{"uid":"bltffed837d695021c9","content_type":"image/jpeg","file_size":"41768","tags":[],"filename":"Maya_Angelou_Headshot.jpg","url":"https://images.contentstack.io/v3/assets/bltd5108a60cd620ec1/bltffed837d695021c9/602239aa0a9d8237b15ece9b/Maya_Angelou_Headshot.jpg","ACL":{"roles":[],"others":{"read":false,"create":false,"update":false,"delete":false,"sub_acl":{"read":false,"create":false,"update":false,"delete":false,"publish":false}}},"is_dir":false,"parent_uid":"bltb694a1c53fb70657","_version":1,"title":"Maya_Angelou_Headshot.jpg","publish_details":[{"environment":"blt3dfe0ed2ddf5fb14","locale":"en-us","time":"2021-02-09T07:28:44.879Z","user":"blt3167f0a16386ed8e","version":1},{"environment":"blt6f4046f0d8dea679","locale":"en-us","time":"2021-02-09T07:28:44.879Z","user":"blt3167f0a16386ed8e","version":1}]},"blt7516c2cd248ba685":{"uid":"blt7516c2cd248ba685","content_type":"image/jpeg","file_size":"12668","tags":[],"filename":"Jane_Austen_Headshot.jpg","url":"https://images.contentstack.io/v3/assets/bltd5108a60cd620ec1/blt7516c2cd248ba685/602239bb80b6ce3c818dbf76/Jane_Austen_Headshot.jpg","ACL":{"roles":[],"others":{"read":false,"create":false,"update":false,"delete":false,"sub_acl":{"read":false,"create":false,"update":false,"delete":false,"publish":false}}},"is_dir":false,"parent_uid":"bltb694a1c53fb70657","_version":1,"title":"Jane_Austen_Headshot.jpg","publish_details":[{"environment":"blt3dfe0ed2ddf5fb14","locale":"en-us","time":"2021-02-09T07:29:01.739Z","user":"blt3167f0a16386ed8e","version":1},{"environment":"blt6f4046f0d8dea679","locale":"en-us","time":"2021-02-09T07:29:01.739Z","user":"blt3167f0a16386ed8e","version":1}]},"blt56a7bde214912b79":{"uid":"blt56a7bde214912b79","content_type":"image/png","file_size":"1491","tags":[],"filename":"facebook.png","url":"https://images.contentstack.io/v3/assets/bltd5108a60cd620ec1/blt56a7bde214912b79/602239bfb39baf3b8c66c4c8/facebook.png","ACL":{"roles":[],"others":{"read":false,"create":false,"update":false,"delete":false,"sub_acl":{"read":false,"create":false,"update":false,"delete":false,"publish":false}}},"is_dir":false,"parent_uid":"bltec4c6535e1052248","_version":1,"title":"facebook.png","publish_details":[{"environment":"blt3dfe0ed2ddf5fb14","locale":"en-us","time":"2021-02-09T07:29:04.861Z","user":"blt3167f0a16386ed8e","version":1},{"environment":"blt6f4046f0d8dea679","locale":"en-us","time":"2021-02-09T07:29:04.861Z","user":"blt3167f0a16386ed8e","version":1}]},"blt1c708a93219cc645":{"uid":"blt1c708a93219cc645","content_type":"image/png","file_size":"2010","tags":[],"filename":"linkedin.png","url":"https://images.contentstack.io/v3/assets/bltd5108a60cd620ec1/blt1c708a93219cc645/602239cc8ccf2e356b140a32/linkedin.png","ACL":{"roles":[],"others":{"read":false,"create":false,"update":false,"delete":false,"sub_acl":{"read":false,"create":false,"update":false,"delete":false,"publish":false}}},"is_dir":false,"parent_uid":"bltec4c6535e1052248","_version":1,"title":"linkedin.png","publish_details":[{"environment":"blt3dfe0ed2ddf5fb14","locale":"en-us","time":"2021-02-09T07:29:17.874Z","user":"blt3167f0a16386ed8e","version":1},{"environment":"blt6f4046f0d8dea679","locale":"en-us","time":"2021-02-09T07:29:17.874Z","user":"blt3167f0a16386ed8e","version":1}]},"blt384aad3e6d030f62":{"uid":"blt384aad3e6d030f62","content_type":"image/png","file_size":"27482","tags":[],"filename":"twitter.png","url":"https://images.contentstack.io/v3/assets/bltd5108a60cd620ec1/blt384aad3e6d030f62/602239c3a547360446f5c8d5/twitter.png","ACL":{"roles":[],"others":{"read":false,"create":false,"update":false,"delete":false,"sub_acl":{"read":false,"create":false,"update":false,"delete":false,"publish":false}}},"is_dir":false,"parent_uid":"bltec4c6535e1052248","_version":1,"title":"twitter.png","publish_details":[{"environment":"blt3dfe0ed2ddf5fb14","locale":"en-us","time":"2021-02-09T07:29:08.682Z","user":"blt3167f0a16386ed8e","version":1},{"environment":"blt6f4046f0d8dea679","locale":"en-us","time":"2021-02-09T07:29:08.682Z","user":"blt3167f0a16386ed8e","version":1}]},"bltd912e3e61c6c8ad1":{"uid":"bltd912e3e61c6c8ad1","content_type":"image/jpeg","file_size":"32081","tags":[],"filename":"Charles_Dickens_Headshot.jpg","url":"https://images.contentstack.io/v3/assets/bltd5108a60cd620ec1/bltd912e3e61c6c8ad1/602239d0f4913f3777094971/Charles_Dickens_Headshot.jpg","ACL":{"roles":[],"others":{"read":false,"create":false,"update":false,"delete":false,"sub_acl":{"read":false,"create":false,"update":false,"delete":false,"publish":false}}},"is_dir":false,"parent_uid":"bltb694a1c53fb70657","_version":1,"title":"Charles_Dickens_Headshot.jpg","publish_details":[{"environment":"blt3dfe0ed2ddf5fb14","locale":"en-us","time":"2021-02-09T07:29:21.646Z","user":"blt3167f0a16386ed8e","version":1},{"environment":"blt6f4046f0d8dea679","locale":"en-us","time":"2021-02-09T07:29:21.646Z","user":"blt3167f0a16386ed8e","version":1}]},"bltfea852d27f677d2c":{"uid":"bltfea852d27f677d2c","content_type":"image/jpeg","file_size":"10012","tags":[],"filename":"instagram.jpeg","url":"https://images.contentstack.io/v3/assets/bltd5108a60cd620ec1/bltfea852d27f677d2c/602239c85c028816c41c775c/instagram.jpeg","ACL":{"roles":[],"others":{"read":false,"create":false,"update":false,"delete":false,"sub_acl":{"read":false,"create":false,"update":false,"delete":false,"publish":false}}},"is_dir":false,"parent_uid":"bltec4c6535e1052248","_version":1,"title":"instagram.jpeg","publish_details":[{"environment":"blt3dfe0ed2ddf5fb14","locale":"en-us","time":"2021-02-09T07:29:13.737Z","user":"blt3167f0a16386ed8e","version":1},{"environment":"blt6f4046f0d8dea679","locale":"en-us","time":"2021-02-09T07:29:13.737Z","user":"blt3167f0a16386ed8e","version":1}]},"blt560e8a41fa9d382e":{"uid":"blt560e8a41fa9d382e","content_type":"image/svg+xml","file_size":"11085","tags":[],"filename":"Logo.svg","url":"https://images.contentstack.io/v3/assets/bltd5108a60cd620ec1/blt560e8a41fa9d382e/60228a345f9b2812764c2f2d/Logo.svg","ACL":{"roles":[],"others":{"read":false,"create":false,"update":false,"delete":false,"sub_acl":{"read":false,"create":false,"update":false,"delete":false,"publish":false}}},"is_dir":false,"parent_uid":"bltb3bdb661fd4b1cc7","_version":1,"title":"Logo.svg","publish_details":[{"environment":"blt3dfe0ed2ddf5fb14","locale":"en-us","time":"2021-02-09T13:13:23.110Z","user":"blt161e02c9fffa78f6","version":1},{"environment":"blt3dfe0ed2ddf5fb14","locale":"fr-fr","time":"2021-02-11T06:40:27.082Z","user":"blt3167f0a16386ed8e","version":1},{"environment":"blt6f4046f0d8dea679","locale":"fr-fr","time":"2021-02-11T06:40:27.088Z","user":"blt3167f0a16386ed8e","version":1},{"environment":"blt6f4046f0d8dea679","locale":"en-us","time":"2021-02-11T06:40:27.098Z","user":"blt3167f0a16386ed8e","version":1}]},"blt4df07afdb0369bc1":{"uid":"blt4df07afdb0369bc1","content_type":"image/png","file_size":"99632","tags":[],"filename":"Charlotte_Bronte_Headshot.png","url":"https://images.contentstack.io/v3/assets/bltd5108a60cd620ec1/blt4df07afdb0369bc1/602239d41fd73f7c38ff8a72/Charlotte_Bronte_Headshot.png","ACL":{"roles":[],"others":{"read":false,"create":false,"update":false,"delete":false,"sub_acl":{"read":false,"create":false,"update":false,"delete":false,"publish":false}}},"is_dir":false,"parent_uid":"bltb694a1c53fb70657","_version":1,"title":"Charlotte_Bronte_Headshot.png","publish_details":[{"environment":"blt3dfe0ed2ddf5fb14","locale":"en-us","time":"2021-02-09T07:29:26.552Z","user":"blt3167f0a16386ed8e","version":1},{"environment":"blt6f4046f0d8dea679","locale":"en-us","time":"2021-02-09T07:29:26.552Z","user":"blt3167f0a16386ed8e","version":1}]}}