[{"uid":"blt51651fb12ee0584e","created_at":"2021-02-22T11:38:58.464Z","updated_at":"2021-02-22T11:38:58.464Z","created_by":"bltd5d70bb484fce3ae","updated_by":"bltd5d70bb484fce3ae","content_type":"application/vnd.contenstack.folder","tags":[],"name":"Contact","ACL":{"roles":[],"others":{"read":false,"create":false,"update":false,"delete":false,"sub_acl":{"read":false,"create":false,"update":false,"delete":false,"publish":false}}},"is_dir":true,"parent_uid":null,"_version":1},{"uid":"bltae711ace911ffd90","created_at":"2021-02-11T08:40:21.753Z","updated_at":"2021-02-11T08:40:21.753Z","created_by":"blt161e02c9fffa78f6","updated_by":"blt161e02c9fffa78f6","content_type":"application/vnd.contenstack.folder","tags":[],"name":"Blogs","ACL":{"roles":[],"others":{"read":false,"create":false,"update":false,"delete":false,"sub_acl":{"read":false,"create":false,"update":false,"delete":false,"publish":false}}},"is_dir":true,"parent_uid":null,"_version":1},{"uid":"blt8d564f31a6865f94","created_at":"2021-02-11T08:38:48.827Z","updated_at":"2021-02-11T08:38:48.827Z","created_by":"blt161e02c9fffa78f6","updated_by":"blt161e02c9fffa78f6","content_type":"application/vnd.contenstack.folder","tags":[],"name":"About Us","ACL":{"roles":[],"others":{"read":false,"create":false,"update":false,"delete":false,"sub_acl":{"read":false,"create":false,"update":false,"delete":false,"publish":false}}},"is_dir":true,"parent_uid":null,"_version":1},{"uid":"blt5c54c0ec56cedfde","created_at":"2021-02-11T08:37:34.573Z","updated_at":"2021-02-11T08:37:34.573Z","created_by":"blt161e02c9fffa78f6","updated_by":"blt161e02c9fffa78f6","content_type":"application/vnd.contenstack.folder","tags":[],"name":"Homepage","ACL":{"roles":[],"others":{"read":false,"create":false,"update":false,"delete":false,"sub_acl":{"read":false,"create":false,"update":false,"delete":false,"publish":false}}},"is_dir":true,"parent_uid":null,"_version":1},{"uid":"bltec4c6535e1052248","created_at":"2021-02-09T07:28:22.184Z","updated_at":"2021-02-09T07:28:22.184Z","created_by":"blt3167f0a16386ed8e","updated_by":"blt3167f0a16386ed8e","content_type":"application/vnd.contenstack.folder","tags":[],"name":"Icons","ACL":{"roles":[],"others":{"read":false,"create":false,"update":false,"delete":false,"sub_acl":{"read":false,"create":false,"update":false,"delete":false,"publish":false}}},"is_dir":true,"parent_uid":null,"_version":1},{"uid":"bltb694a1c53fb70657","created_at":"2021-02-09T07:28:20.843Z","updated_at":"2021-02-09T07:28:20.843Z","created_by":"blt3167f0a16386ed8e","updated_by":"blt3167f0a16386ed8e","content_type":"application/vnd.contenstack.folder","tags":[],"name":"Authors","ACL":{"roles":[],"others":{"read":false,"create":false,"update":false,"delete":false,"sub_acl":{"read":false,"create":false,"update":false,"delete":false,"publish":false}}},"is_dir":true,"parent_uid":null,"_version":1},{"uid":"bltb3bdb661fd4b1cc7","created_at":"2021-02-09T07:28:19.441Z","updated_at":"2021-02-09T07:28:19.441Z","created_by":"blt3167f0a16386ed8e","updated_by":"blt3167f0a16386ed8e","content_type":"application/vnd.contenstack.folder","tags":[],"name":"Logo","ACL":{"roles":[],"others":{"read":false,"create":false,"update":false,"delete":false,"sub_acl":{"read":false,"create":false,"update":false,"delete":false,"publish":false}}},"is_dir":true,"parent_uid":null,"_version":1}]