[{"uid":"bltcf8de454b4178d09","content_type":"image/svg+xml","file_size":"1849","tags":[],"filename":"Icon_Artwork_2.svg","url":"https://images.contentstack.io/v3/assets/bltf59c4e8f691cee51/bltcf8de454b4178d09/602ff1e6697df44e99437e9b/Icon_Artwork_2.svg","ACL":{},"is_dir":false,"parent_uid":"blted5e4eabfd819562","_version":1,"title":"Icon_Artwork_2.svg","publish_details":[{"environment":"blt3c32b327d39f9d8b","locale":"en-us","time":"2021-02-19T17:14:15.447Z","user":"bltfa8f4cbde7d72d8a","version":1},{"environment":"blt4ba664a020591f5a","locale":"en-us","time":"2021-02-19T17:14:15.447Z","user":"bltfa8f4cbde7d72d8a","version":1}]}]