[{"uid":"blt6fdf7de011f0bc7d","content_type":"image/jpeg","file_size":"25872","tags":[],"filename":"W._E._B._Du_Bois_Headshot.jpg","url":"https://images.contentstack.io/v3/assets/bltf59c4e8f691cee51/blt6fdf7de011f0bc7d/602ff1d9c0c72f6c64a847bb/W._E._B._Du_Bois_Headshot.jpg","ACL":{},"is_dir":false,"parent_uid":"blt36e5cabe55781e99","_version":1,"title":"W._E._B._Du_Bois_Headshot.jpg","publish_details":[{"environment":"blt3c32b327d39f9d8b","locale":"en-us","time":"2021-02-19T17:14:02.768Z","user":"bltfa8f4cbde7d72d8a","version":1},{"environment":"blt4ba664a020591f5a","locale":"en-us","time":"2021-02-19T17:14:02.768Z","user":"bltfa8f4cbde7d72d8a","version":1}]}]