[{"uid":"blt85619355945121d2","content_type":"image/svg+xml","file_size":"32495","tags":[],"filename":"Image_(2).svg","url":"https://images.contentstack.io/v3/assets/bltf59c4e8f691cee51/blt85619355945121d2/602ff1ee3b40c51fced870c7/Image_(2).svg","ACL":{},"is_dir":false,"parent_uid":"blte7b941d2116a4503","_version":1,"title":"Image_(2).svg","publish_details":[{"environment":"blt3c32b327d39f9d8b","locale":"en-us","time":"2021-02-19T17:14:23.230Z","user":"bltfa8f4cbde7d72d8a","version":1},{"environment":"blt4ba664a020591f5a","locale":"en-us","time":"2021-02-19T17:14:23.230Z","user":"bltfa8f4cbde7d72d8a","version":1}]}]