[{"uid":"blt039f8c08d16ff648","content_type":"image/jpeg","file_size":"8494","tags":[],"filename":"AlbertEinstein.jpeg","url":"https://images.contentstack.io/v3/assets/bltf59c4e8f691cee51/blt039f8c08d16ff648/602ff1d92b203f2710d62fe8/AlbertEinstein.jpeg","ACL":{},"is_dir":false,"parent_uid":"blt36e5cabe55781e99","_version":1,"title":"AlbertEinstein.jpeg","publish_details":[{"environment":"blt4ba664a020591f5a","locale":"en-us","time":"2021-02-19T17:14:02.763Z","user":"bltfa8f4cbde7d72d8a","version":1},{"environment":"blt3c32b327d39f9d8b","locale":"en-us","time":"2021-02-19T17:14:02.763Z","user":"bltfa8f4cbde7d72d8a","version":1}]}]