[{"uid":"blt384aad3e6d030f62","content_type":"image/png","file_size":"27482","tags":[],"filename":"twitter.png","url":"https://images.contentstack.io/v3/assets/bltd5108a60cd620ec1/blt384aad3e6d030f62/602239c3a547360446f5c8d5/twitter.png","ACL":{},"is_dir":false,"parent_uid":"bltec4c6535e1052248","_version":1,"title":"twitter.png","publish_details":[{"environment":"blt3dfe0ed2ddf5fb14","locale":"en-us","time":"2021-02-09T07:29:08.682Z","user":"blt3167f0a16386ed8e","version":1},{"environment":"blt6f4046f0d8dea679","locale":"en-us","time":"2021-02-09T07:29:08.682Z","user":"blt3167f0a16386ed8e","version":1}]}]