[{"uid":"bltfa95ed1e63b73705","content_type":"image/svg+xml","file_size":"706","tags":[],"filename":"bucket1.svg","url":"https://images.contentstack.io/v3/assets/bltf59c4e8f691cee51/bltfa95ed1e63b73705/602ff1e9c3dfa03c7d21481f/bucket1.svg","ACL":{},"is_dir":false,"parent_uid":"bltc5aa3ca92a6c508d","_version":1,"title":"bucket1.svg","publish_details":[{"environment":"blt4ba664a020591f5a","locale":"en-us","time":"2021-02-19T17:14:18.611Z","user":"bltfa8f4cbde7d72d8a","version":1},{"environment":"blt3c32b327d39f9d8b","locale":"en-us","time":"2021-02-19T17:14:18.610Z","user":"bltfa8f4cbde7d72d8a","version":1}]}]