[{"uid":"bltd912e3e61c6c8ad1","content_type":"image/jpeg","file_size":"32081","tags":[],"filename":"Charles_Dickens_Headshot.jpg","url":"https://images.contentstack.io/v3/assets/bltd5108a60cd620ec1/bltd912e3e61c6c8ad1/602239d0f4913f3777094971/Charles_Dickens_Headshot.jpg","ACL":{},"is_dir":false,"parent_uid":"bltb694a1c53fb70657","_version":1,"title":"Charles_Dickens_Headshot.jpg","publish_details":[{"environment":"blt3dfe0ed2ddf5fb14","locale":"en-us","time":"2021-02-09T07:29:21.646Z","user":"blt3167f0a16386ed8e","version":1},{"environment":"blt6f4046f0d8dea679","locale":"en-us","time":"2021-02-09T07:29:21.646Z","user":"blt3167f0a16386ed8e","version":1}]}]