[{"uid":"blt7e85fb78100f950e","content_type":"image/svg+xml","file_size":"55212","tags":[],"filename":"Image(1)_(1).svg","url":"https://images.contentstack.io/v3/assets/bltf59c4e8f691cee51/blt7e85fb78100f950e/602ff1f2af99c277d094c79f/Image(1)_(1).svg","ACL":{},"is_dir":false,"parent_uid":"blted5e4eabfd819562","_version":1,"title":"Image(1)_(1).svg","publish_details":[{"environment":"blt3c32b327d39f9d8b","locale":"en-us","time":"2021-02-19T17:14:27.921Z","user":"bltfa8f4cbde7d72d8a","version":1},{"environment":"blt4ba664a020591f5a","locale":"en-us","time":"2021-02-19T17:14:27.921Z","user":"bltfa8f4cbde7d72d8a","version":1}]}]