[{"uid":"blt7d90bf97ed82d585","content_type":"image/svg+xml","file_size":"26826","tags":[],"filename":"Images(1)_(1).svg","url":"https://images.contentstack.io/v3/assets/bltd5108a60cd620ec1/blt7d90bf97ed82d585/6024f1e252af9c14d90591c9/Images(1)_(1).svg","ACL":{},"is_dir":false,"parent_uid":"bltae711ace911ffd90","_version":1,"title":"Images(1)_(1).svg","publish_details":[{"environment":"blt3dfe0ed2ddf5fb14","locale":"en-us","time":"2021-02-11T09:01:26.140Z","user":"blt161e02c9fffa78f6","version":1},{"environment":"blt6f4046f0d8dea679","locale":"en-us","time":"2021-02-11T09:01:26.150Z","user":"blt161e02c9fffa78f6","version":1}]}]