{"blt4aea51faa8123892":{"title":"Footer","copyright":"<p>Copyright © 2020. LogoIpsum. All rights reserved.</p>","tags":[],"locale":"en-us","ACL":{},"footer_color":"#66c5e5","logo":{"uid":"blt2bfe3b2c61551344","created_at":"2021-02-19T17:14:11.108Z","updated_at":"2021-02-19T17:14:11.108Z","created_by":"bltfa8f4cbde7d72d8a","updated_by":"bltfa8f4cbde7d72d8a","content_type":"image/svg+xml","file_size":"11085","tags":[],"filename":"Logo.svg","url":"https://images.contentstack.io/v3/assets/bltf59c4e8f691cee51/blt2bfe3b2c61551344/602ff1e3784767623b17ba67/Logo.svg","ACL":[],"is_dir":false,"parent_uid":"blt4d118d11813efbbd","_version":1,"title":"Logo.svg","publish_details":[{"environment":"blt4ba664a020591f5a","locale":"en-us","time":"2021-02-19T17:14:12.169Z","user":"bltfa8f4cbde7d72d8a","version":1},{"environment":"blt3c32b327d39f9d8b","locale":"en-us","time":"2021-02-19T17:14:12.169Z","user":"bltfa8f4cbde7d72d8a","version":1}]},"navigation":{"link":[{"title":"Home","href":"/"},{"title":"About Us","href":"/about-us"},{"title":"Blog","href":"/blog"},{"title":"Contact Us","href":"/contact-us"}],"navigation_title":""},"social":{"social_share":[{"link":{"title":"Facebook","href":"https://facebook.com"},"_metadata":{"uid":"cs1be8f3991d601e1f"},"icon":{"uid":"blt4c97f6429934e4ba","created_at":"2021-02-19T17:13:54.346Z","updated_at":"2021-02-19T17:13:54.346Z","created_by":"bltfa8f4cbde7d72d8a","updated_by":"bltfa8f4cbde7d72d8a","content_type":"image/svg+xml","file_size":"1288","tags":[],"filename":"facebook.svg","url":"https://images.contentstack.io/v3/assets/bltf59c4e8f691cee51/blt4c97f6429934e4ba/602ff1d2391acd7320b0bf3b/facebook.svg","ACL":[],"is_dir":false,"parent_uid":"bltc5aa3ca92a6c508d","_version":1,"title":"facebook.svg","publish_details":[{"environment":"blt3c32b327d39f9d8b","locale":"en-us","time":"2021-02-19T17:13:55.357Z","user":"bltfa8f4cbde7d72d8a","version":1},{"environment":"blt4ba664a020591f5a","locale":"en-us","time":"2021-02-19T17:13:55.357Z","user":"bltfa8f4cbde7d72d8a","version":1}]}},{"link":{"title":"Twitter","href":"https://twitter.com"},"_metadata":{"uid":"cs617d15d4fa6d07b3"},"icon":{"uid":"bltb042db93d03bc758","created_at":"2021-02-19T17:13:54.319Z","updated_at":"2021-02-19T17:13:54.319Z","created_by":"bltfa8f4cbde7d72d8a","updated_by":"bltfa8f4cbde7d72d8a","content_type":"image/svg+xml","file_size":"1436","tags":[],"filename":"Twitter.svg","url":"https://images.contentstack.io/v3/assets/bltf59c4e8f691cee51/bltb042db93d03bc758/602ff1d2c143b1270a4a68df/Twitter.svg","ACL":[],"is_dir":false,"parent_uid":"bltc5aa3ca92a6c508d","_version":1,"title":"Twitter.svg","publish_details":[{"environment":"blt3c32b327d39f9d8b","locale":"en-us","time":"2021-02-19T17:13:55.375Z","user":"bltfa8f4cbde7d72d8a","version":1},{"environment":"blt4ba664a020591f5a","locale":"en-us","time":"2021-02-19T17:13:55.375Z","user":"bltfa8f4cbde7d72d8a","version":1}]}},{"link":{"title":"Instagram","href":"https://www.instagram.com/"},"_metadata":{"uid":"cs5cb84c9bdfcabacc"},"icon":{"uid":"blta6ca761e757f11ed","created_at":"2021-02-19T17:14:26.620Z","updated_at":"2021-02-19T17:14:26.620Z","created_by":"bltfa8f4cbde7d72d8a","updated_by":"bltfa8f4cbde7d72d8a","content_type":"image/svg+xml","file_size":"806","tags":[],"filename":"Instagram.svg","url":"https://images.contentstack.io/v3/assets/bltf59c4e8f691cee51/blta6ca761e757f11ed/602ff1f2ab23933ebf784142/Instagram.svg","ACL":[],"is_dir":false,"parent_uid":"bltc5aa3ca92a6c508d","_version":1,"title":"Instagram.svg","description":"","publish_details":[{"environment":"blt3c32b327d39f9d8b","locale":"en-us","time":"2021-02-19T17:14:27.652Z","user":"bltfa8f4cbde7d72d8a","version":1},{"environment":"blt4ba664a020591f5a","locale":"en-us","time":"2021-02-19T17:14:27.652Z","user":"bltfa8f4cbde7d72d8a","version":1}]}}],"social_share_title":""},"uid":"blt4aea51faa8123892","created_by":"bltfa8f4cbde7d72d8a","updated_by":"bltfa8f4cbde7d72d8a","created_at":"2021-02-19T17:14:53.378Z","updated_at":"2021-02-19T17:14:53.378Z","_version":1,"_in_progress":false,"publish_details":[{"environment":"blt3c32b327d39f9d8b","locale":"en-us","time":"2021-02-19T17:14:54.472Z","user":"bltfa8f4cbde7d72d8a","version":1},{"environment":"blt4ba664a020591f5a","locale":"en-us","time":"2021-02-19T17:14:54.473Z","user":"bltfa8f4cbde7d72d8a","version":1}]}}