[{"uid":"blt69b20e72092f87df","content_type":"image/svg+xml","file_size":"47003","tags":[],"filename":"Images_(1).svg","url":"https://images.contentstack.io/v3/assets/bltf59c4e8f691cee51/blt69b20e72092f87df/602ff1eb0c950353b0667b8e/Images_(1).svg","ACL":{},"is_dir":false,"parent_uid":"blte7b941d2116a4503","_version":1,"title":"Images_(1).svg","publish_details":[{"environment":"blt4ba664a020591f5a","locale":"en-us","time":"2021-02-19T17:14:20.235Z","user":"bltfa8f4cbde7d72d8a","version":1},{"environment":"blt3c32b327d39f9d8b","locale":"en-us","time":"2021-02-19T17:14:20.235Z","user":"bltfa8f4cbde7d72d8a","version":1}]}]