[{"uid":"blt97d648c2cc948791","content_type":"image/jpeg","file_size":"35323","tags":[],"filename":"Zora_Neale_Hurston_Headshot.jpg","url":"https://images.contentstack.io/v3/assets/bltd5108a60cd620ec1/blt97d648c2cc948791/602239aff14804226739fe83/Zora_Neale_Hurston_Headshot.jpg","ACL":{},"is_dir":false,"parent_uid":"bltb694a1c53fb70657","_version":1,"title":"Zora_Neale_Hurston_Headshot.jpg","publish_details":[{"environment":"blt3dfe0ed2ddf5fb14","locale":"en-us","time":"2021-02-09T07:28:48.570Z","user":"blt3167f0a16386ed8e","version":1},{"environment":"blt6f4046f0d8dea679","locale":"en-us","time":"2021-02-09T07:28:48.570Z","user":"blt3167f0a16386ed8e","version":1}]}]