[{"uid":"blt4492f227852ecd0c","content_type":"image/svg+xml","file_size":"76596","tags":[],"filename":"rafiki_2.svg","url":"https://images.contentstack.io/v3/assets/bltf59c4e8f691cee51/blt4492f227852ecd0c/602ff1e3de78c45d60a55691/rafiki_2.svg","ACL":{},"is_dir":false,"parent_uid":"blted5e4eabfd819562","_version":1,"title":"rafiki_2.svg","publish_details":[{"environment":"blt4ba664a020591f5a","locale":"en-us","time":"2021-02-19T17:14:12.495Z","user":"bltfa8f4cbde7d72d8a","version":1},{"environment":"blt3c32b327d39f9d8b","locale":"en-us","time":"2021-02-19T17:14:12.495Z","user":"bltfa8f4cbde7d72d8a","version":1}]}]