[{"uid":"blta47dbce948bc8271","content_type":"image/svg+xml","file_size":"55212","tags":[],"filename":"Image(1)_(1).svg","url":"https://images.contentstack.io/v3/assets/bltd5108a60cd620ec1/blta47dbce948bc8271/6024ed4d29a02c49ba1f6a8a/Image(1)_(1).svg","ACL":{},"is_dir":false,"parent_uid":"blt8d564f31a6865f94","_version":1,"title":"Image(1)_(1).svg","publish_details":[{"environment":"blt3dfe0ed2ddf5fb14","locale":"en-us","time":"2021-02-11T08:49:12.494Z","user":"blt161e02c9fffa78f6","version":1},{"environment":"blt6f4046f0d8dea679","locale":"en-us","time":"2021-02-11T09:03:31.512Z","user":"blt161e02c9fffa78f6","version":1}]}]