[{"uid":"blt6e022c2f716de053","content_type":"image/jpeg","file_size":"26414","tags":[],"filename":"W._E._B._Du_Bois_Headshot.jpg","url":"https://images.contentstack.io/v3/assets/bltd5108a60cd620ec1/blt6e022c2f716de053/602239b52bea440c55e7817c/W._E._B._Du_Bois_Headshot.jpg","ACL":{},"is_dir":false,"parent_uid":"bltb694a1c53fb70657","_version":1,"title":"W._E._B._Du_Bois_Headshot.jpg","publish_details":[{"environment":"blt3dfe0ed2ddf5fb14","locale":"en-us","time":"2021-02-09T07:28:54.752Z","user":"blt3167f0a16386ed8e","version":1},{"environment":"blt6f4046f0d8dea679","locale":"en-us","time":"2021-02-09T07:28:54.752Z","user":"blt3167f0a16386ed8e","version":1}]}]