{"blta6ca761e757f11ed":{"uid":"blta6ca761e757f11ed","content_type":"image/svg+xml","file_size":"806","tags":[],"filename":"Instagram.svg","url":"https://images.contentstack.io/v3/assets/bltf59c4e8f691cee51/blta6ca761e757f11ed/602ff1f2ab23933ebf784142/Instagram.svg","ACL":{"roles":[],"others":{"read":false,"create":false,"update":false,"delete":false,"sub_acl":{"read":false,"create":false,"update":false,"delete":false,"publish":false}}},"is_dir":false,"parent_uid":"bltc5aa3ca92a6c508d","_version":1,"title":"Instagram.svg","description":"","publish_details":[{"environment":"blt3c32b327d39f9d8b","locale":"en-us","time":"2021-02-19T17:14:27.652Z","user":"bltfa8f4cbde7d72d8a","version":1},{"environment":"blt4ba664a020591f5a","locale":"en-us","time":"2021-02-19T17:14:27.652Z","user":"bltfa8f4cbde7d72d8a","version":1}]},"blt266218ee69dd9105":{"uid":"blt266218ee69dd9105","content_type":"image/svg+xml","file_size":"128164","tags":[],"filename":"Image(3).svg","url":"https://images.contentstack.io/v3/assets/bltf59c4e8f691cee51/blt266218ee69dd9105/602ff1f141f08f7cfc92628e/Image(3).svg","ACL":{"roles":[],"others":{"read":false,"create":false,"update":false,"delete":false,"sub_acl":{"read":false,"create":false,"update":false,"delete":false,"publish":false}}},"is_dir":false,"parent_uid":"blted5e4eabfd819562","_version":1,"title":"Image(3).svg","publish_details":[{"environment":"blt4ba664a020591f5a","locale":"en-us","time":"2021-02-19T17:14:26.300Z","user":"bltfa8f4cbde7d72d8a","version":1},{"environment":"blt3c32b327d39f9d8b","locale":"en-us","time":"2021-02-19T17:14:26.300Z","user":"bltfa8f4cbde7d72d8a","version":1}]},"bltf2b7746783a68da9":{"uid":"bltf2b7746783a68da9","content_type":"image/svg+xml","file_size":"706","tags":[],"filename":"bucket1.svg","url":"https://images.contentstack.io/v3/assets/bltf59c4e8f691cee51/bltf2b7746783a68da9/602ff1f40ed681340dfe38df/bucket1.svg","ACL":{"roles":[],"others":{"read":false,"create":false,"update":false,"delete":false,"sub_acl":{"read":false,"create":false,"update":false,"delete":false,"publish":false}}},"is_dir":false,"parent_uid":"blt87f82caeb85f31dc","_version":1,"title":"bucket1.svg","publish_details":[]},"blt587daac45d873af8":{"uid":"blt587daac45d873af8","content_type":"image/png","file_size":"3938","tags":[],"filename":"cslogo.png","url":"https://images.contentstack.io/v3/assets/bltf59c4e8f691cee51/blt587daac45d873af8/602ff1e48605076210d5c489/cslogo.png","ACL":{"roles":[],"others":{"read":false,"create":false,"update":false,"delete":false,"sub_acl":{"read":false,"create":false,"update":false,"delete":false,"publish":false}}},"is_dir":false,"parent_uid":"blt4d118d11813efbbd","_version":1,"title":"cslogo.png","publish_details":[{"environment":"blt4ba664a020591f5a","locale":"en-us","time":"2021-02-19T17:14:13.850Z","user":"bltfa8f4cbde7d72d8a","version":1},{"environment":"blt3c32b327d39f9d8b","locale":"en-us","time":"2021-02-19T17:14:13.850Z","user":"bltfa8f4cbde7d72d8a","version":1}]},"blt11ee865254aeb592":{"uid":"blt11ee865254aeb592","content_type":"image/svg+xml","file_size":"1314","tags":[],"filename":"bucket2.svg","url":"https://images.contentstack.io/v3/assets/bltf59c4e8f691cee51/blt11ee865254aeb592/602ff1f4b3f45257feca2551/bucket2.svg","ACL":{"roles":[],"others":{"read":false,"create":false,"update":false,"delete":false,"sub_acl":{"read":false,"create":false,"update":false,"delete":false,"publish":false}}},"is_dir":false,"parent_uid":"blt87f82caeb85f31dc","_version":1,"title":"bucket2.svg","publish_details":[]},"blt7e85fb78100f950e":{"uid":"blt7e85fb78100f950e","content_type":"image/svg+xml","file_size":"55212","tags":[],"filename":"Image(1)_(1).svg","url":"https://images.contentstack.io/v3/assets/bltf59c4e8f691cee51/blt7e85fb78100f950e/602ff1f2af99c277d094c79f/Image(1)_(1).svg","ACL":{"roles":[],"others":{"read":false,"create":false,"update":false,"delete":false,"sub_acl":{"read":false,"create":false,"update":false,"delete":false,"publish":false}}},"is_dir":false,"parent_uid":"blted5e4eabfd819562","_version":1,"title":"Image(1)_(1).svg","publish_details":[{"environment":"blt3c32b327d39f9d8b","locale":"en-us","time":"2021-02-19T17:14:27.921Z","user":"bltfa8f4cbde7d72d8a","version":1},{"environment":"blt4ba664a020591f5a","locale":"en-us","time":"2021-02-19T17:14:27.921Z","user":"bltfa8f4cbde7d72d8a","version":1}]},"bltcf8de454b4178d09":{"uid":"bltcf8de454b4178d09","content_type":"image/svg+xml","file_size":"1849","tags":[],"filename":"Icon_Artwork_2.svg","url":"https://images.contentstack.io/v3/assets/bltf59c4e8f691cee51/bltcf8de454b4178d09/602ff1e6697df44e99437e9b/Icon_Artwork_2.svg","ACL":{"roles":[],"others":{"read":false,"create":false,"update":false,"delete":false,"sub_acl":{"read":false,"create":false,"update":false,"delete":false,"publish":false}}},"is_dir":false,"parent_uid":"blted5e4eabfd819562","_version":1,"title":"Icon_Artwork_2.svg","publish_details":[{"environment":"blt3c32b327d39f9d8b","locale":"en-us","time":"2021-02-19T17:14:15.447Z","user":"bltfa8f4cbde7d72d8a","version":1},{"environment":"blt4ba664a020591f5a","locale":"en-us","time":"2021-02-19T17:14:15.447Z","user":"bltfa8f4cbde7d72d8a","version":1}]},"bltce1930ab7f2cd0fb":{"uid":"bltce1930ab7f2cd0fb","content_type":"image/svg+xml","file_size":"49454","tags":[],"filename":"Image(1).svg","url":"https://images.contentstack.io/v3/assets/bltf59c4e8f691cee51/bltce1930ab7f2cd0fb/602ff1e5fc50632f05b79558/Image(1).svg","ACL":{"roles":[],"others":{"read":false,"create":false,"update":false,"delete":false,"sub_acl":{"read":false,"create":false,"update":false,"delete":false,"publish":false}}},"is_dir":false,"parent_uid":"blt87f82caeb85f31dc","_version":1,"title":"Image(1).svg","publish_details":[{"environment":"blt4ba664a020591f5a","locale":"en-us","time":"2021-02-19T17:14:14.121Z","user":"bltfa8f4cbde7d72d8a","version":1},{"environment":"blt3c32b327d39f9d8b","locale":"en-us","time":"2021-02-19T17:14:14.121Z","user":"bltfa8f4cbde7d72d8a","version":1}]},"blt39ea8fbc7e569c08":{"uid":"blt39ea8fbc7e569c08","content_type":"image/svg+xml","file_size":"1314","tags":[],"filename":"bucket2.svg","url":"https://images.contentstack.io/v3/assets/bltf59c4e8f691cee51/blt39ea8fbc7e569c08/602ff1e78dc14369a5668080/bucket2.svg","ACL":{"roles":[],"others":{"read":false,"create":false,"update":false,"delete":false,"sub_acl":{"read":false,"create":false,"update":false,"delete":false,"publish":false}}},"is_dir":false,"parent_uid":"bltc5aa3ca92a6c508d","_version":1,"title":"bucket2.svg","publish_details":[{"environment":"blt3c32b327d39f9d8b","locale":"en-us","time":"2021-02-19T17:14:16.891Z","user":"bltfa8f4cbde7d72d8a","version":1},{"environment":"blt4ba664a020591f5a","locale":"en-us","time":"2021-02-19T17:14:16.891Z","user":"bltfa8f4cbde7d72d8a","version":1}]},"blt9c3bb155d3503c2b":{"uid":"blt9c3bb155d3503c2b","content_type":"image/svg+xml","file_size":"1053","tags":[],"filename":"bucket3.svg","url":"https://images.contentstack.io/v3/assets/bltf59c4e8f691cee51/blt9c3bb155d3503c2b/602ff1e6a5c3546bf0452c0a/bucket3.svg","ACL":{"roles":[],"others":{"read":false,"create":false,"update":false,"delete":false,"sub_acl":{"read":false,"create":false,"update":false,"delete":false,"publish":false}}},"is_dir":false,"parent_uid":"blt87f82caeb85f31dc","_version":1,"title":"bucket3.svg","publish_details":[]},"blt6481dbdc5eadfa10":{"uid":"blt6481dbdc5eadfa10","content_type":"image/svg+xml","file_size":"579","tags":[],"filename":"Icon_Artwork_1.svg","url":"https://images.contentstack.io/v3/assets/bltf59c4e8f691cee51/blt6481dbdc5eadfa10/602ff1e73c15227a6def3c26/Icon_Artwork_1.svg","ACL":{"roles":[],"others":{"read":false,"create":false,"update":false,"delete":false,"sub_acl":{"read":false,"create":false,"update":false,"delete":false,"publish":false}}},"is_dir":false,"parent_uid":"blted5e4eabfd819562","_version":1,"title":"Icon_Artwork_1.svg","publish_details":[{"environment":"blt4ba664a020591f5a","locale":"en-us","time":"2021-02-19T17:14:16.877Z","user":"bltfa8f4cbde7d72d8a","version":1},{"environment":"blt3c32b327d39f9d8b","locale":"en-us","time":"2021-02-19T17:14:16.877Z","user":"bltfa8f4cbde7d72d8a","version":1}]},"bltfa95ed1e63b73705":{"uid":"bltfa95ed1e63b73705","content_type":"image/svg+xml","file_size":"706","tags":[],"filename":"bucket1.svg","url":"https://images.contentstack.io/v3/assets/bltf59c4e8f691cee51/bltfa95ed1e63b73705/602ff1e9c3dfa03c7d21481f/bucket1.svg","ACL":{"roles":[],"others":{"read":false,"create":false,"update":false,"delete":false,"sub_acl":{"read":false,"create":false,"update":false,"delete":false,"publish":false}}},"is_dir":false,"parent_uid":"bltc5aa3ca92a6c508d","_version":1,"title":"bucket1.svg","publish_details":[{"environment":"blt4ba664a020591f5a","locale":"en-us","time":"2021-02-19T17:14:18.611Z","user":"bltfa8f4cbde7d72d8a","version":1},{"environment":"blt3c32b327d39f9d8b","locale":"en-us","time":"2021-02-19T17:14:18.610Z","user":"bltfa8f4cbde7d72d8a","version":1}]},"blt69b20e72092f87df":{"uid":"blt69b20e72092f87df","content_type":"image/svg+xml","file_size":"47003","tags":[],"filename":"Images_(1).svg","url":"https://images.contentstack.io/v3/assets/bltf59c4e8f691cee51/blt69b20e72092f87df/602ff1eb0c950353b0667b8e/Images_(1).svg","ACL":{"roles":[],"others":{"read":false,"create":false,"update":false,"delete":false,"sub_acl":{"read":false,"create":false,"update":false,"delete":false,"publish":false}}},"is_dir":false,"parent_uid":"blte7b941d2116a4503","_version":1,"title":"Images_(1).svg","publish_details":[{"environment":"blt4ba664a020591f5a","locale":"en-us","time":"2021-02-19T17:14:20.235Z","user":"bltfa8f4cbde7d72d8a","version":1},{"environment":"blt3c32b327d39f9d8b","locale":"en-us","time":"2021-02-19T17:14:20.235Z","user":"bltfa8f4cbde7d72d8a","version":1}]},"blt3c30281170fe5dc4":{"uid":"blt3c30281170fe5dc4","content_type":"image/svg+xml","file_size":"26826","tags":[],"filename":"Images(1)_(1).svg","url":"https://images.contentstack.io/v3/assets/bltf59c4e8f691cee51/blt3c30281170fe5dc4/602ff1ea6d15286c4bffed49/Images(1)_(1).svg","ACL":{"roles":[],"others":{"read":false,"create":false,"update":false,"delete":false,"sub_acl":{"read":false,"create":false,"update":false,"delete":false,"publish":false}}},"is_dir":false,"parent_uid":"blte7b941d2116a4503","_version":1,"title":"Images(1)_(1).svg","publish_details":[{"environment":"blt3c32b327d39f9d8b","locale":"en-us","time":"2021-02-19T17:14:19.949Z","user":"bltfa8f4cbde7d72d8a","version":1},{"environment":"blt4ba664a020591f5a","locale":"en-us","time":"2021-02-19T17:14:19.949Z","user":"bltfa8f4cbde7d72d8a","version":1}]},"bltd2143f10431dff86":{"uid":"bltd2143f10431dff86","content_type":"image/svg+xml","file_size":"53205","tags":[],"filename":"Image(1)_(2).svg","url":"https://images.contentstack.io/v3/assets/bltf59c4e8f691cee51/bltd2143f10431dff86/602ff1ec491f743b146fe281/Image(1)_(2).svg","ACL":{"roles":[],"others":{"read":false,"create":false,"update":false,"delete":false,"sub_acl":{"read":false,"create":false,"update":false,"delete":false,"publish":false}}},"is_dir":false,"parent_uid":"blte7b941d2116a4503","_version":1,"title":"Image(1)_(2).svg","publish_details":[{"environment":"blt3c32b327d39f9d8b","locale":"en-us","time":"2021-02-19T17:14:21.887Z","user":"bltfa8f4cbde7d72d8a","version":1},{"environment":"blt4ba664a020591f5a","locale":"en-us","time":"2021-02-19T17:14:21.887Z","user":"bltfa8f4cbde7d72d8a","version":1}]},"blt296454c6be275650":{"uid":"blt296454c6be275650","content_type":"image/svg+xml","file_size":"1053","tags":[],"filename":"bucket3.svg","url":"https://images.contentstack.io/v3/assets/bltf59c4e8f691cee51/blt296454c6be275650/602ff1e97372865d7e010810/bucket3.svg","ACL":{"roles":[],"others":{"read":false,"create":false,"update":false,"delete":false,"sub_acl":{"read":false,"create":false,"update":false,"delete":false,"publish":false}}},"is_dir":false,"parent_uid":"bltc5aa3ca92a6c508d","_version":1,"title":"bucket3.svg","publish_details":[{"environment":"blt4ba664a020591f5a","locale":"en-us","time":"2021-02-19T17:14:18.620Z","user":"bltfa8f4cbde7d72d8a","version":1},{"environment":"blt3c32b327d39f9d8b","locale":"en-us","time":"2021-02-19T17:14:18.620Z","user":"bltfa8f4cbde7d72d8a","version":1}]},"blt4424c2b9f7bcb25c":{"uid":"blt4424c2b9f7bcb25c","content_type":"image/svg+xml","file_size":"32524","tags":[],"filename":"Image_3.svg","url":"https://images.contentstack.io/v3/assets/bltf59c4e8f691cee51/blt4424c2b9f7bcb25c/602ff1eca89e364e939e5583/Image_3.svg","ACL":{"roles":[],"others":{"read":false,"create":false,"update":false,"delete":false,"sub_acl":{"read":false,"create":false,"update":false,"delete":false,"publish":false}}},"is_dir":false,"parent_uid":"blte7b941d2116a4503","_version":1,"title":"Image_3.svg","publish_details":[{"environment":"blt3c32b327d39f9d8b","locale":"en-us","time":"2021-02-19T17:14:21.583Z","user":"bltfa8f4cbde7d72d8a","version":1},{"environment":"blt4ba664a020591f5a","locale":"en-us","time":"2021-02-19T17:14:21.583Z","user":"bltfa8f4cbde7d72d8a","version":1}]},"blt85619355945121d2":{"uid":"blt85619355945121d2","content_type":"image/svg+xml","file_size":"32495","tags":[],"filename":"Image_(2).svg","url":"https://images.contentstack.io/v3/assets/bltf59c4e8f691cee51/blt85619355945121d2/602ff1ee3b40c51fced870c7/Image_(2).svg","ACL":{"roles":[],"others":{"read":false,"create":false,"update":false,"delete":false,"sub_acl":{"read":false,"create":false,"update":false,"delete":false,"publish":false}}},"is_dir":false,"parent_uid":"blte7b941d2116a4503","_version":1,"title":"Image_(2).svg","publish_details":[{"environment":"blt3c32b327d39f9d8b","locale":"en-us","time":"2021-02-19T17:14:23.230Z","user":"bltfa8f4cbde7d72d8a","version":1},{"environment":"blt4ba664a020591f5a","locale":"en-us","time":"2021-02-19T17:14:23.230Z","user":"bltfa8f4cbde7d72d8a","version":1}]},"bltb491672fbe6d7c47":{"uid":"bltb491672fbe6d7c47","content_type":"image/svg+xml","file_size":"48517","tags":[],"filename":"Image(2).svg","url":"https://images.contentstack.io/v3/assets/bltf59c4e8f691cee51/bltb491672fbe6d7c47/602ff1f02b203f2710d62fec/Image(2).svg","ACL":{"roles":[],"others":{"read":false,"create":false,"update":false,"delete":false,"sub_acl":{"read":false,"create":false,"update":false,"delete":false,"publish":false}}},"is_dir":false,"parent_uid":"blted5e4eabfd819562","_version":1,"title":"Image(2).svg","publish_details":[{"environment":"blt4ba664a020591f5a","locale":"en-us","time":"2021-02-19T17:14:25.872Z","user":"bltfa8f4cbde7d72d8a","version":1},{"environment":"blt3c32b327d39f9d8b","locale":"en-us","time":"2021-02-19T17:14:25.872Z","user":"bltfa8f4cbde7d72d8a","version":1}]},"blt9405af87acbc1477":{"uid":"blt9405af87acbc1477","content_type":"image/svg+xml","file_size":"154333","tags":[],"filename":"Image_(1).svg","url":"https://images.contentstack.io/v3/assets/bltf59c4e8f691cee51/blt9405af87acbc1477/602ff1efef0a065fac90e9df/Image_(1).svg","ACL":{"roles":[],"others":{"read":false,"create":false,"update":false,"delete":false,"sub_acl":{"read":false,"create":false,"update":false,"delete":false,"publish":false}}},"is_dir":false,"parent_uid":"blted5e4eabfd819562","_version":1,"title":"Image_(1).svg","publish_details":[{"environment":"blt4ba664a020591f5a","locale":"en-us","time":"2021-02-19T17:14:24.246Z","user":"bltfa8f4cbde7d72d8a","version":1},{"environment":"blt3c32b327d39f9d8b","locale":"en-us","time":"2021-02-19T17:14:24.246Z","user":"bltfa8f4cbde7d72d8a","version":1}]},"bltb042db93d03bc758":{"uid":"bltb042db93d03bc758","content_type":"image/svg+xml","file_size":"1436","tags":[],"filename":"Twitter.svg","url":"https://images.contentstack.io/v3/assets/bltf59c4e8f691cee51/bltb042db93d03bc758/602ff1d2c143b1270a4a68df/Twitter.svg","ACL":{"roles":[],"others":{"read":false,"create":false,"update":false,"delete":false,"sub_acl":{"read":false,"create":false,"update":false,"delete":false,"publish":false}}},"is_dir":false,"parent_uid":"bltc5aa3ca92a6c508d","_version":1,"title":"Twitter.svg","publish_details":[{"environment":"blt3c32b327d39f9d8b","locale":"en-us","time":"2021-02-19T17:13:55.375Z","user":"bltfa8f4cbde7d72d8a","version":1},{"environment":"blt4ba664a020591f5a","locale":"en-us","time":"2021-02-19T17:13:55.375Z","user":"bltfa8f4cbde7d72d8a","version":1}]},"blt7f8e59329a17bd7c":{"uid":"blt7f8e59329a17bd7c","content_type":"image/svg+xml","file_size":"54029","tags":[],"filename":"Image.svg","url":"https://images.contentstack.io/v3/assets/bltf59c4e8f691cee51/blt7f8e59329a17bd7c/602ff1e186239e533e046d4a/Image.svg","ACL":{"roles":[],"others":{"read":false,"create":false,"update":false,"delete":false,"sub_acl":{"read":false,"create":false,"update":false,"delete":false,"publish":false}}},"is_dir":false,"parent_uid":"blt87f82caeb85f31dc","_version":1,"title":"Image.svg","publish_details":[{"environment":"blt3c32b327d39f9d8b","locale":"en-us","time":"2021-02-19T17:14:10.542Z","user":"bltfa8f4cbde7d72d8a","version":1},{"environment":"blt4ba664a020591f5a","locale":"en-us","time":"2021-02-19T17:14:10.542Z","user":"bltfa8f4cbde7d72d8a","version":1}]},"blt2bfe3b2c61551344":{"uid":"blt2bfe3b2c61551344","content_type":"image/svg+xml","file_size":"11085","tags":[],"filename":"Logo.svg","url":"https://images.contentstack.io/v3/assets/bltf59c4e8f691cee51/blt2bfe3b2c61551344/602ff1e3784767623b17ba67/Logo.svg","ACL":{"roles":[],"others":{"read":false,"create":false,"update":false,"delete":false,"sub_acl":{"read":false,"create":false,"update":false,"delete":false,"publish":false}}},"is_dir":false,"parent_uid":"blt4d118d11813efbbd","_version":1,"title":"Logo.svg","publish_details":[{"environment":"blt4ba664a020591f5a","locale":"en-us","time":"2021-02-19T17:14:12.169Z","user":"bltfa8f4cbde7d72d8a","version":1},{"environment":"blt3c32b327d39f9d8b","locale":"en-us","time":"2021-02-19T17:14:12.169Z","user":"bltfa8f4cbde7d72d8a","version":1}]},"blt422c95262af14ed4":{"uid":"blt422c95262af14ed4","content_type":"image/jpeg","file_size":"41226","tags":[],"filename":"Maya_Angelou_Headshot.jpg","url":"https://images.contentstack.io/v3/assets/bltf59c4e8f691cee51/blt422c95262af14ed4/602ff1dec3ff817cf57aeae3/Maya_Angelou_Headshot.jpg","ACL":{"roles":[],"others":{"read":false,"create":false,"update":false,"delete":false,"sub_acl":{"read":false,"create":false,"update":false,"delete":false,"publish":false}}},"is_dir":false,"parent_uid":"blt36e5cabe55781e99","_version":1,"title":"Maya_Angelou_Headshot.jpg","publish_details":[{"environment":"blt4ba664a020591f5a","locale":"en-us","time":"2021-02-19T17:14:08.894Z","user":"bltfa8f4cbde7d72d8a","version":1},{"environment":"blt3c32b327d39f9d8b","locale":"en-us","time":"2021-02-19T17:14:08.894Z","user":"bltfa8f4cbde7d72d8a","version":1}]},"blt4492f227852ecd0c":{"uid":"blt4492f227852ecd0c","content_type":"image/svg+xml","file_size":"76596","tags":[],"filename":"rafiki_2.svg","url":"https://images.contentstack.io/v3/assets/bltf59c4e8f691cee51/blt4492f227852ecd0c/602ff1e3de78c45d60a55691/rafiki_2.svg","ACL":{"roles":[],"others":{"read":false,"create":false,"update":false,"delete":false,"sub_acl":{"read":false,"create":false,"update":false,"delete":false,"publish":false}}},"is_dir":false,"parent_uid":"blted5e4eabfd819562","_version":1,"title":"rafiki_2.svg","publish_details":[{"environment":"blt4ba664a020591f5a","locale":"en-us","time":"2021-02-19T17:14:12.495Z","user":"bltfa8f4cbde7d72d8a","version":1},{"environment":"blt3c32b327d39f9d8b","locale":"en-us","time":"2021-02-19T17:14:12.495Z","user":"bltfa8f4cbde7d72d8a","version":1}]},"blt90718a96f04a9cf3":{"uid":"blt90718a96f04a9cf3","content_type":"image/svg+xml","file_size":"125471","tags":[],"filename":"rafiki.svg","url":"https://images.contentstack.io/v3/assets/bltf59c4e8f691cee51/blt90718a96f04a9cf3/602ff1e1e91c05437c82711c/rafiki.svg","ACL":{"roles":[],"others":{"read":false,"create":false,"update":false,"delete":false,"sub_acl":{"read":false,"create":false,"update":false,"delete":false,"publish":false}}},"is_dir":false,"parent_uid":"blted5e4eabfd819562","_version":1,"title":"rafiki.svg","publish_details":[{"environment":"blt3c32b327d39f9d8b","locale":"en-us","time":"2021-02-19T17:14:10.869Z","user":"bltfa8f4cbde7d72d8a","version":1},{"environment":"blt4ba664a020591f5a","locale":"en-us","time":"2021-02-19T17:14:10.869Z","user":"bltfa8f4cbde7d72d8a","version":1}]},"blt4c97f6429934e4ba":{"uid":"blt4c97f6429934e4ba","content_type":"image/svg+xml","file_size":"1288","tags":[],"filename":"facebook.svg","url":"https://images.contentstack.io/v3/assets/bltf59c4e8f691cee51/blt4c97f6429934e4ba/602ff1d2391acd7320b0bf3b/facebook.svg","ACL":{"roles":[],"others":{"read":false,"create":false,"update":false,"delete":false,"sub_acl":{"read":false,"create":false,"update":false,"delete":false,"publish":false}}},"is_dir":false,"parent_uid":"bltc5aa3ca92a6c508d","_version":1,"title":"facebook.svg","publish_details":[{"environment":"blt3c32b327d39f9d8b","locale":"en-us","time":"2021-02-19T17:13:55.357Z","user":"bltfa8f4cbde7d72d8a","version":1},{"environment":"blt4ba664a020591f5a","locale":"en-us","time":"2021-02-19T17:13:55.357Z","user":"bltfa8f4cbde7d72d8a","version":1}]},"blt07450158d0e317e7":{"uid":"blt07450158d0e317e7","content_type":"image/png","file_size":"2010","tags":[],"filename":"linkedin.png","url":"https://images.contentstack.io/v3/assets/bltf59c4e8f691cee51/blt07450158d0e317e7/602ff1d58dc14369a566807c/linkedin.png","ACL":{"roles":[],"others":{"read":false,"create":false,"update":false,"delete":false,"sub_acl":{"read":false,"create":false,"update":false,"delete":false,"publish":false}}},"is_dir":false,"parent_uid":"bltc5aa3ca92a6c508d","_version":1,"title":"linkedin.png","publish_details":[{"environment":"blt4ba664a020591f5a","locale":"en-us","time":"2021-02-19T17:13:58.671Z","user":"bltfa8f4cbde7d72d8a","version":1},{"environment":"blt3c32b327d39f9d8b","locale":"en-us","time":"2021-02-19T17:13:58.671Z","user":"bltfa8f4cbde7d72d8a","version":1}]},"bltffb7e742b8528a12":{"uid":"bltffb7e742b8528a12","content_type":"image/jpeg","file_size":"31539","tags":[],"filename":"Charles_Dickens_Headshot.jpg","url":"https://images.contentstack.io/v3/assets/bltf59c4e8f691cee51/bltffb7e742b8528a12/602ff1d513f89b64a797b924/Charles_Dickens_Headshot.jpg","ACL":{"roles":[],"others":{"read":false,"create":false,"update":false,"delete":false,"sub_acl":{"read":false,"create":false,"update":false,"delete":false,"publish":false}}},"is_dir":false,"parent_uid":"blt36e5cabe55781e99","_version":1,"title":"Charles_Dickens_Headshot.jpg","publish_details":[{"environment":"blt4ba664a020591f5a","locale":"en-us","time":"2021-02-19T17:13:58.660Z","user":"bltfa8f4cbde7d72d8a","version":1},{"environment":"blt3c32b327d39f9d8b","locale":"en-us","time":"2021-02-19T17:13:58.659Z","user":"bltfa8f4cbde7d72d8a","version":1}]},"bltab3a5e184cb8ecac":{"uid":"bltab3a5e184cb8ecac","content_type":"image/png","file_size":"99632","tags":[],"filename":"Charlotte_Bronte_Headshot.png","url":"https://images.contentstack.io/v3/assets/bltf59c4e8f691cee51/bltab3a5e184cb8ecac/602ff1d40ed681340dfe38db/Charlotte_Bronte_Headshot.png","ACL":{"roles":[],"others":{"read":false,"create":false,"update":false,"delete":false,"sub_acl":{"read":false,"create":false,"update":false,"delete":false,"publish":false}}},"is_dir":false,"parent_uid":"blt36e5cabe55781e99","_version":1,"title":"Charlotte_Bronte_Headshot.png","publish_details":[{"environment":"blt3c32b327d39f9d8b","locale":"en-us","time":"2021-02-19T17:13:57.335Z","user":"bltfa8f4cbde7d72d8a","version":1},{"environment":"blt4ba664a020591f5a","locale":"en-us","time":"2021-02-19T17:13:57.335Z","user":"bltfa8f4cbde7d72d8a","version":1}]},"bltb7d0494cecba6b7b":{"uid":"bltb7d0494cecba6b7b","content_type":"image/jpeg","file_size":"10012","tags":[],"filename":"instagram.jpeg","url":"https://images.contentstack.io/v3/assets/bltf59c4e8f691cee51/bltb7d0494cecba6b7b/602ff1d683ae2a77d5a3f447/instagram.jpeg","ACL":{"roles":[],"others":{"read":false,"create":false,"update":false,"delete":false,"sub_acl":{"read":false,"create":false,"update":false,"delete":false,"publish":false}}},"is_dir":false,"parent_uid":"bltc5aa3ca92a6c508d","_version":1,"title":"instagram.jpeg","publish_details":[{"environment":"blt3c32b327d39f9d8b","locale":"en-us","time":"2021-02-19T17:14:00.091Z","user":"bltfa8f4cbde7d72d8a","version":1},{"environment":"blt4ba664a020591f5a","locale":"en-us","time":"2021-02-19T17:14:00.091Z","user":"bltfa8f4cbde7d72d8a","version":1}]},"bltbe19702d2eabedc6":{"uid":"bltbe19702d2eabedc6","content_type":"image/png","file_size":"27482","tags":[],"filename":"twitter.png","url":"https://images.contentstack.io/v3/assets/bltf59c4e8f691cee51/bltbe19702d2eabedc6/602ff1d6cb4c164c515d97dc/twitter.png","ACL":{"roles":[],"others":{"read":false,"create":false,"update":false,"delete":false,"sub_acl":{"read":false,"create":false,"update":false,"delete":false,"publish":false}}},"is_dir":false,"parent_uid":"bltc5aa3ca92a6c508d","_version":1,"title":"twitter.png","publish_details":[{"environment":"blt3c32b327d39f9d8b","locale":"en-us","time":"2021-02-19T17:14:00.106Z","user":"bltfa8f4cbde7d72d8a","version":1},{"environment":"blt4ba664a020591f5a","locale":"en-us","time":"2021-02-19T17:14:00.106Z","user":"bltfa8f4cbde7d72d8a","version":1}]},"blt1ba63d0d0e800264":{"uid":"blt1ba63d0d0e800264","content_type":"image/jpeg","file_size":"12668","tags":[],"filename":"Jane_Austen_Headshot.jpg","url":"https://images.contentstack.io/v3/assets/bltf59c4e8f691cee51/blt1ba63d0d0e800264/602ff1d85497162e7d53e71e/Jane_Austen_Headshot.jpg","ACL":{"roles":[],"others":{"read":false,"create":false,"update":false,"delete":false,"sub_acl":{"read":false,"create":false,"update":false,"delete":false,"publish":false}}},"is_dir":false,"parent_uid":"blt36e5cabe55781e99","_version":1,"title":"Jane_Austen_Headshot.jpg","publish_details":[{"environment":"blt3c32b327d39f9d8b","locale":"en-us","time":"2021-02-19T17:14:01.432Z","user":"bltfa8f4cbde7d72d8a","version":1},{"environment":"blt4ba664a020591f5a","locale":"en-us","time":"2021-02-19T17:14:01.432Z","user":"bltfa8f4cbde7d72d8a","version":1}]},"blte4c73c033e5cbece":{"uid":"blte4c73c033e5cbece","content_type":"image/png","file_size":"1491","tags":[],"filename":"facebook.png","url":"https://images.contentstack.io/v3/assets/bltf59c4e8f691cee51/blte4c73c033e5cbece/602ff1d8e3d65d6e06d035ca/facebook.png","ACL":{"roles":[],"others":{"read":false,"create":false,"update":false,"delete":false,"sub_acl":{"read":false,"create":false,"update":false,"delete":false,"publish":false}}},"is_dir":false,"parent_uid":"bltc5aa3ca92a6c508d","_version":1,"title":"facebook.png","publish_details":[{"environment":"blt3c32b327d39f9d8b","locale":"en-us","time":"2021-02-19T17:14:01.438Z","user":"bltfa8f4cbde7d72d8a","version":1},{"environment":"blt4ba664a020591f5a","locale":"en-us","time":"2021-02-19T17:14:01.438Z","user":"bltfa8f4cbde7d72d8a","version":1}]},"blt039f8c08d16ff648":{"uid":"blt039f8c08d16ff648","content_type":"image/jpeg","file_size":"8494","tags":[],"filename":"AlbertEinstein.jpeg","url":"https://images.contentstack.io/v3/assets/bltf59c4e8f691cee51/blt039f8c08d16ff648/602ff1d92b203f2710d62fe8/AlbertEinstein.jpeg","ACL":{"roles":[],"others":{"read":false,"create":false,"update":false,"delete":false,"sub_acl":{"read":false,"create":false,"update":false,"delete":false,"publish":false}}},"is_dir":false,"parent_uid":"blt36e5cabe55781e99","_version":1,"title":"AlbertEinstein.jpeg","publish_details":[{"environment":"blt4ba664a020591f5a","locale":"en-us","time":"2021-02-19T17:14:02.763Z","user":"bltfa8f4cbde7d72d8a","version":1},{"environment":"blt3c32b327d39f9d8b","locale":"en-us","time":"2021-02-19T17:14:02.763Z","user":"bltfa8f4cbde7d72d8a","version":1}]},"blt6fdf7de011f0bc7d":{"uid":"blt6fdf7de011f0bc7d","content_type":"image/jpeg","file_size":"25872","tags":[],"filename":"W._E._B._Du_Bois_Headshot.jpg","url":"https://images.contentstack.io/v3/assets/bltf59c4e8f691cee51/blt6fdf7de011f0bc7d/602ff1d9c0c72f6c64a847bb/W._E._B._Du_Bois_Headshot.jpg","ACL":{"roles":[],"others":{"read":false,"create":false,"update":false,"delete":false,"sub_acl":{"read":false,"create":false,"update":false,"delete":false,"publish":false}}},"is_dir":false,"parent_uid":"blt36e5cabe55781e99","_version":1,"title":"W._E._B._Du_Bois_Headshot.jpg","publish_details":[{"environment":"blt3c32b327d39f9d8b","locale":"en-us","time":"2021-02-19T17:14:02.768Z","user":"bltfa8f4cbde7d72d8a","version":1},{"environment":"blt4ba664a020591f5a","locale":"en-us","time":"2021-02-19T17:14:02.768Z","user":"bltfa8f4cbde7d72d8a","version":1}]},"blt913ec2f90c90be49":{"uid":"blt913ec2f90c90be49","content_type":"image/jpeg","file_size":"2850","tags":[],"filename":"ben.jpeg","url":"https://images.contentstack.io/v3/assets/bltf59c4e8f691cee51/blt913ec2f90c90be49/602ff1db68735e6e07e4a2cc/ben.jpeg","ACL":{"roles":[],"others":{"read":false,"create":false,"update":false,"delete":false,"sub_acl":{"read":false,"create":false,"update":false,"delete":false,"publish":false}}},"is_dir":false,"parent_uid":"blt36e5cabe55781e99","_version":1,"title":"ben.jpeg","publish_details":[{"environment":"blt4ba664a020591f5a","locale":"en-us","time":"2021-02-19T17:14:04.094Z","user":"bltfa8f4cbde7d72d8a","version":1},{"environment":"blt3c32b327d39f9d8b","locale":"en-us","time":"2021-02-19T17:14:04.094Z","user":"bltfa8f4cbde7d72d8a","version":1}]},"bltd2495541f7213a60":{"uid":"bltd2495541f7213a60","content_type":"image/jpeg","file_size":"34781","tags":[],"filename":"Zora_Neale_Hurston_Headshot.jpg","url":"https://images.contentstack.io/v3/assets/bltf59c4e8f691cee51/bltd2495541f7213a60/602ff1db3dc56939e114e38d/Zora_Neale_Hurston_Headshot.jpg","ACL":{"roles":[],"others":{"read":false,"create":false,"update":false,"delete":false,"sub_acl":{"read":false,"create":false,"update":false,"delete":false,"publish":false}}},"is_dir":false,"parent_uid":"blt36e5cabe55781e99","_version":1,"title":"Zora_Neale_Hurston_Headshot.jpg","publish_details":[{"environment":"blt3c32b327d39f9d8b","locale":"en-us","time":"2021-02-19T17:14:04.088Z","user":"bltfa8f4cbde7d72d8a","version":1},{"environment":"blt4ba664a020591f5a","locale":"en-us","time":"2021-02-19T17:14:04.088Z","user":"bltfa8f4cbde7d72d8a","version":1}]},"blt2bbf1110f45fb91c":{"uid":"blt2bbf1110f45fb91c","content_type":"image/jpeg","file_size":"21371","tags":[],"filename":"Virginia_Woolf_Headshot.jpg","url":"https://images.contentstack.io/v3/assets/bltf59c4e8f691cee51/blt2bbf1110f45fb91c/602ff1dee9f4e37a7417c230/Virginia_Woolf_Headshot.jpg","ACL":{"roles":[],"others":{"read":false,"create":false,"update":false,"delete":false,"sub_acl":{"read":false,"create":false,"update":false,"delete":false,"publish":false}}},"is_dir":false,"parent_uid":"blt36e5cabe55781e99","_version":1,"title":"Virginia_Woolf_Headshot.jpg","publish_details":[{"environment":"blt4ba664a020591f5a","locale":"en-us","time":"2021-02-19T17:14:08.892Z","user":"bltfa8f4cbde7d72d8a","version":1},{"environment":"blt3c32b327d39f9d8b","locale":"en-us","time":"2021-02-19T17:14:08.892Z","user":"bltfa8f4cbde7d72d8a","version":1}]},"blte89adee263a7dd02":{"uid":"blte89adee263a7dd02","content_type":"image/jpeg","file_size":"148713","tags":[],"filename":"Mark_Twain_Headshot.jpg","url":"https://images.contentstack.io/v3/assets/bltf59c4e8f691cee51/blte89adee263a7dd02/602ff1ddcd747c77dc57e2e5/Mark_Twain_Headshot.jpg","ACL":{"roles":[],"others":{"read":false,"create":false,"update":false,"delete":false,"sub_acl":{"read":false,"create":false,"update":false,"delete":false,"publish":false}}},"is_dir":false,"parent_uid":"blt36e5cabe55781e99","_version":1,"title":"Mark_Twain_Headshot.jpg","publish_details":[{"environment":"blt4ba664a020591f5a","locale":"en-us","time":"2021-02-19T17:14:06.538Z","user":"bltfa8f4cbde7d72d8a","version":1},{"environment":"blt3c32b327d39f9d8b","locale":"en-us","time":"2021-02-19T17:14:06.537Z","user":"bltfa8f4cbde7d72d8a","version":1}]},"blt4bbafe276a051f03":{"uid":"blt4bbafe276a051f03","content_type":"image/png","file_size":"140512","tags":[],"filename":"Screen_Shot_2020-10-22_at_3.13.28_PM.png","url":"https://images.contentstack.io/v3/assets/bltf59c4e8f691cee51/blt4bbafe276a051f03/602ff1ddc3dfa03c7d21481b/Screen_Shot_2020-10-22_at_3.13.28_PM.png","ACL":{"roles":[],"others":{"read":false,"create":false,"update":false,"delete":false,"sub_acl":{"read":false,"create":false,"update":false,"delete":false,"publish":false}}},"is_dir":false,"parent_uid":"blt4d118d11813efbbd","_version":1,"title":"hero_banner01.JPG","description":"","publish_details":[{"environment":"blt4ba664a020591f5a","locale":"en-us","time":"2021-02-19T17:14:06.535Z","user":"bltfa8f4cbde7d72d8a","version":1},{"environment":"blt3c32b327d39f9d8b","locale":"en-us","time":"2021-02-19T17:14:06.535Z","user":"bltfa8f4cbde7d72d8a","version":1}]}}