[{"uid":"blt4d118d11813efbbd","created_at":"2021-02-19T17:13:52.994Z","updated_at":"2021-02-19T17:13:52.994Z","created_by":"bltfa8f4cbde7d72d8a","updated_by":"bltfa8f4cbde7d72d8a","content_type":"application/vnd.contenstack.folder","tags":[],"name":"Logo","ACL":{"roles":[],"others":{"read":false,"create":false,"update":false,"delete":false,"sub_acl":{"read":false,"create":false,"update":false,"delete":false,"publish":false}}},"is_dir":true,"parent_uid":null,"_version":1},{"uid":"blt36e5cabe55781e99","created_at":"2021-02-19T17:13:52.063Z","updated_at":"2021-02-19T17:13:52.063Z","created_by":"bltfa8f4cbde7d72d8a","updated_by":"bltfa8f4cbde7d72d8a","content_type":"application/vnd.contenstack.folder","tags":[],"name":"Authors","ACL":{"roles":[],"others":{"read":false,"create":false,"update":false,"delete":false,"sub_acl":{"read":false,"create":false,"update":false,"delete":false,"publish":false}}},"is_dir":true,"parent_uid":null,"_version":1},{"uid":"bltc5aa3ca92a6c508d","created_at":"2021-02-19T17:13:51.074Z","updated_at":"2021-02-19T17:13:51.074Z","created_by":"bltfa8f4cbde7d72d8a","updated_by":"bltfa8f4cbde7d72d8a","content_type":"application/vnd.contenstack.folder","tags":[],"name":"Icons","ACL":{"roles":[],"others":{"read":false,"create":false,"update":false,"delete":false,"sub_acl":{"read":false,"create":false,"update":false,"delete":false,"publish":false}}},"is_dir":true,"parent_uid":null,"_version":1},{"uid":"blt87f82caeb85f31dc","created_at":"2021-02-19T17:13:50.092Z","updated_at":"2021-02-19T17:13:50.092Z","created_by":"bltfa8f4cbde7d72d8a","updated_by":"bltfa8f4cbde7d72d8a","content_type":"application/vnd.contenstack.folder","tags":[],"name":"Homepage","ACL":{"roles":[],"others":{"read":false,"create":false,"update":false,"delete":false,"sub_acl":{"read":false,"create":false,"update":false,"delete":false,"publish":false}}},"is_dir":true,"parent_uid":null,"_version":1},{"uid":"blted5e4eabfd819562","created_at":"2021-02-19T17:13:49.165Z","updated_at":"2021-02-19T17:13:49.165Z","created_by":"bltfa8f4cbde7d72d8a","updated_by":"bltfa8f4cbde7d72d8a","content_type":"application/vnd.contenstack.folder","tags":[],"name":"About Us","ACL":{"roles":[],"others":{"read":false,"create":false,"update":false,"delete":false,"sub_acl":{"read":false,"create":false,"update":false,"delete":false,"publish":false}}},"is_dir":true,"parent_uid":null,"_version":1},{"uid":"blte7b941d2116a4503","created_at":"2021-02-19T17:13:48.184Z","updated_at":"2021-02-19T17:13:48.184Z","created_by":"bltfa8f4cbde7d72d8a","updated_by":"bltfa8f4cbde7d72d8a","content_type":"application/vnd.contenstack.folder","tags":[],"name":"Blogs","ACL":{"roles":[],"others":{"read":false,"create":false,"update":false,"delete":false,"sub_acl":{"read":false,"create":false,"update":false,"delete":false,"publish":false}}},"is_dir":true,"parent_uid":null,"_version":1}]