[{"uid":"blt296454c6be275650","content_type":"image/svg+xml","file_size":"1053","tags":[],"filename":"bucket3.svg","url":"https://images.contentstack.io/v3/assets/bltf59c4e8f691cee51/blt296454c6be275650/602ff1e97372865d7e010810/bucket3.svg","ACL":{},"is_dir":false,"parent_uid":"bltc5aa3ca92a6c508d","_version":1,"title":"bucket3.svg","publish_details":[{"environment":"blt4ba664a020591f5a","locale":"en-us","time":"2021-02-19T17:14:18.620Z","user":"bltfa8f4cbde7d72d8a","version":1},{"environment":"blt3c32b327d39f9d8b","locale":"en-us","time":"2021-02-19T17:14:18.620Z","user":"bltfa8f4cbde7d72d8a","version":1}]}]