[{"uid":"blt1c708a93219cc645","content_type":"image/png","file_size":"2010","tags":[],"filename":"linkedin.png","url":"https://images.contentstack.io/v3/assets/bltd5108a60cd620ec1/blt1c708a93219cc645/602239cc8ccf2e356b140a32/linkedin.png","ACL":{},"is_dir":false,"parent_uid":"bltec4c6535e1052248","_version":1,"title":"linkedin.png","publish_details":[{"environment":"blt3dfe0ed2ddf5fb14","locale":"en-us","time":"2021-02-09T07:29:17.874Z","user":"blt3167f0a16386ed8e","version":1},{"environment":"blt6f4046f0d8dea679","locale":"en-us","time":"2021-02-09T07:29:17.874Z","user":"blt3167f0a16386ed8e","version":1}]}]