[{"uid":"bltf267075004530c10","content_type":"image/svg+xml","file_size":"125471","tags":[],"filename":"rafiki.svg","url":"https://images.contentstack.io/v3/assets/bltd5108a60cd620ec1/bltf267075004530c10/6024ed4cf13a6d4c0c2584ec/rafiki.svg","ACL":{},"is_dir":false,"parent_uid":"blt8d564f31a6865f94","_version":1,"title":"rafiki.svg","publish_details":[{"environment":"blt3dfe0ed2ddf5fb14","locale":"en-us","time":"2021-02-11T08:49:12.476Z","user":"blt161e02c9fffa78f6","version":1},{"environment":"blt6f4046f0d8dea679","locale":"en-us","time":"2021-02-11T09:03:31.485Z","user":"blt161e02c9fffa78f6","version":1}]}]