[{"uid":"blt7f8e59329a17bd7c","content_type":"image/svg+xml","file_size":"54029","tags":[],"filename":"Image.svg","url":"https://images.contentstack.io/v3/assets/bltf59c4e8f691cee51/blt7f8e59329a17bd7c/602ff1e186239e533e046d4a/Image.svg","ACL":{},"is_dir":false,"parent_uid":"blt87f82caeb85f31dc","_version":1,"title":"Image.svg","publish_details":[{"environment":"blt3c32b327d39f9d8b","locale":"en-us","time":"2021-02-19T17:14:10.542Z","user":"bltfa8f4cbde7d72d8a","version":1},{"environment":"blt4ba664a020591f5a","locale":"en-us","time":"2021-02-19T17:14:10.542Z","user":"bltfa8f4cbde7d72d8a","version":1}]}]