[{"uid":"blt6d6b99a7f31249f2","content_type":"image/svg+xml","file_size":"49454","tags":[],"filename":"Image(1).svg","url":"https://images.contentstack.io/v3/assets/bltd5108a60cd620ec1/blt6d6b99a7f31249f2/6024ecea9a7bfd14d2733453/Image(1).svg","ACL":{},"is_dir":false,"parent_uid":"blt5c54c0ec56cedfde","_version":1,"title":"Image(1).svg","publish_details":[{"environment":"blt3dfe0ed2ddf5fb14","locale":"en-us","time":"2021-02-11T08:45:45.468Z","user":"blt161e02c9fffa78f6","version":1},{"environment":"blt6f4046f0d8dea679","locale":"en-us","time":"2021-02-11T09:03:07.958Z","user":"blt161e02c9fffa78f6","version":1}]}]