[{"uid":"blt3c30281170fe5dc4","content_type":"image/svg+xml","file_size":"26826","tags":[],"filename":"Images(1)_(1).svg","url":"https://images.contentstack.io/v3/assets/bltf59c4e8f691cee51/blt3c30281170fe5dc4/602ff1ea6d15286c4bffed49/Images(1)_(1).svg","ACL":{},"is_dir":false,"parent_uid":"blte7b941d2116a4503","_version":1,"title":"Images(1)_(1).svg","publish_details":[{"environment":"blt3c32b327d39f9d8b","locale":"en-us","time":"2021-02-19T17:14:19.949Z","user":"bltfa8f4cbde7d72d8a","version":1},{"environment":"blt4ba664a020591f5a","locale":"en-us","time":"2021-02-19T17:14:19.949Z","user":"bltfa8f4cbde7d72d8a","version":1}]}]