[{"uid":"bltd2495541f7213a60","content_type":"image/jpeg","file_size":"34781","tags":[],"filename":"Zora_Neale_Hurston_Headshot.jpg","url":"https://images.contentstack.io/v3/assets/bltf59c4e8f691cee51/bltd2495541f7213a60/602ff1db3dc56939e114e38d/Zora_Neale_Hurston_Headshot.jpg","ACL":{},"is_dir":false,"parent_uid":"blt36e5cabe55781e99","_version":1,"title":"Zora_Neale_Hurston_Headshot.jpg","publish_details":[{"environment":"blt3c32b327d39f9d8b","locale":"en-us","time":"2021-02-19T17:14:04.088Z","user":"bltfa8f4cbde7d72d8a","version":1},{"environment":"blt4ba664a020591f5a","locale":"en-us","time":"2021-02-19T17:14:04.088Z","user":"bltfa8f4cbde7d72d8a","version":1}]}]